#
# There is insufficient memory for the Java Runtime Environment to continue.
# Native memory allocation (mmap) failed to map 809500672 bytes. Error detail: G1 virtual space
# Possible reasons:
#   The system is out of physical RAM or swap space
#   This process is running with CompressedOops enabled, and the Java Heap may be blocking the growth of the native heap
# Possible solutions:
#   Reduce memory load on the system
#   Increase physical memory or swap space
#   Check if swap backing store is full
#   Decrease Java heap size (-Xmx/-Xms)
#   Decrease number of Java threads
#   Decrease Java thread stack sizes (-Xss)
#   Set larger code cache with -XX:ReservedCodeCacheSize=
#   JVM is running with Zero Based Compressed Oops mode in which the Java heap is
#     placed in the first 32GB address space. The Java Heap base address is the
#     maximum limit for the native heap growth. Please use -XX:HeapBaseMinAddress
#     to set the Java Heap base and to place the Java Heap above 32GB virtual address.
# This output file may be truncated or incomplete.
#
#  Out of Memory Error (os_windows.cpp:3603), pid=9860, tid=12760
#
# JRE version: OpenJDK Runtime Environment Temurin-21.0.3+9 (21.0.3+9) (build 21.0.3+9-LTS)
# Java VM: OpenJDK 64-Bit Server VM Temurin-21.0.3+9 (21.0.3+9-LTS, mixed mode, sharing, tiered, compressed oops, compressed class ptrs, g1 gc, windows-amd64)
# No core dump will be written. Minidumps are not enabled by default on client versions of Windows
#

---------------  S U M M A R Y ------------

Command Line: -XX:MaxMetaspaceSize=2G -XX:+HeapDumpOnOutOfMemoryError --add-opens=java.base/java.util=ALL-UNNAMED --add-opens=java.base/java.lang=ALL-UNNAMED --add-opens=java.base/java.lang.invoke=ALL-UNNAMED --add-opens=java.prefs/java.util.prefs=ALL-UNNAMED --add-opens=java.base/java.nio.charset=ALL-UNNAMED --add-opens=java.base/java.net=ALL-UNNAMED --add-opens=java.base/java.util.concurrent.atomic=ALL-UNNAMED -Xmx4G -Dfile.encoding=UTF-8 -Duser.country=US -Duser.language=en -Duser.variant -javaagent:C:\Users\DELL\.gradle\wrapper\dists\gradle-8.3-all\6en3ugtfdg5xnpx44z4qbwgas\gradle-8.3\lib\agents\gradle-instrumentation-agent-8.3.jar org.gradle.launcher.daemon.bootstrap.GradleDaemon 8.3

Host: Intel(R) Core(TM) i3-4005U CPU @ 1.70GHz, 4 cores, 3G,  Windows 10 , 64 bit Build 19041 (10.0.19041.5198)
Time: Wed Jan 29 19:52:13 2025 Sri Lanka Standard Time elapsed time: 4078.143920 seconds (0d 1h 7m 58s)

---------------  T H R E A D  ---------------

Current thread (0x00000299a8e3cb30):  VMThread "VM Thread"          [id=12760, stack(0x000000c6c7900000,0x000000c6c7a00000) (1024K)]

Stack: [0x000000c6c7900000,0x000000c6c7a00000]
Native frames: (J=compiled Java code, j=interpreted, Vv=VM code, C=native code)
V  [jvm.dll+0x6c8699]
V  [jvm.dll+0x8a2061]
V  [jvm.dll+0x8a458e]
V  [jvm.dll+0x8a4c63]
V  [jvm.dll+0x27e476]
V  [jvm.dll+0x6c4e15]
V  [jvm.dll+0x6b9b0a]
V  [jvm.dll+0x3523ba]
V  [jvm.dll+0x359f66]
V  [jvm.dll+0x3ab1be]
V  [jvm.dll+0x3ab468]
V  [jvm.dll+0x3265fc]
V  [jvm.dll+0x326687]
V  [jvm.dll+0x36a3cc]
V  [jvm.dll+0x368c08]
V  [jvm.dll+0x325d71]
V  [jvm.dll+0x36827a]
V  [jvm.dll+0x8aa56f]
V  [jvm.dll+0x8ab674]
V  [jvm.dll+0x8abbb0]
V  [jvm.dll+0x8abe53]
V  [jvm.dll+0x84bf8b]
V  [jvm.dll+0x6c6dcd]
C  [ucrtbase.dll+0x21bb2]
C  [KERNEL32.DLL+0x17374]
C  [ntdll.dll+0x4cc91]

VM_Operation (0x000000c6c8df54e0): G1CollectForAllocation, mode: safepoint, requested by thread 0x00000299ef2529d0


---------------  P R O C E S S  ---------------

Threads class SMR info:
_java_thread_list=0x00000299fe59f240, length=63, elements={
0x00000299880d56a0, 0x00000299a8e59c20, 0x00000299a8e5ba40, 0x00000299a8e5e760,
0x00000299a8e5f1c0, 0x00000299a8e5fc20, 0x00000299a8e60680, 0x00000299a8e63420,
0x00000299a8ec7400, 0x00000299a8e2cac0, 0x00000299ee31ff70, 0x00000299a8ec5c30,
0x00000299ef9fc3c0, 0x00000299eef96d30, 0x00000299eef982f0, 0x00000299efa2abb0,
0x00000299efa62890, 0x00000299ef2529d0, 0x00000299ee2265c0, 0x00000299ee226c50,
0x00000299ee2272e0, 0x00000299ee227970, 0x00000299ee225f30, 0x00000299ee224b80,
0x00000299ee2258a0, 0x00000299f192a8a0, 0x00000299f1928140, 0x00000299f192af30,
0x00000299f1927420, 0x00000299f1929b80, 0x00000299f19287d0, 0x00000299f192b5c0,
0x00000299f1926700, 0x00000299f32e01e0, 0x00000299f32dcd60, 0x00000299f32e2940,
0x00000299f32dc040, 0x00000299f32dda80, 0x00000299f32de7a0, 0x00000299fcf58950,
0x00000299fcf5aa20, 0x00000299fcf5b740, 0x00000299fcf5b0b0, 0x00000299fcf5bdd0,
0x00000299fcf58fe0, 0x00000299fcf59670, 0x00000299fc705c50, 0x00000299fc700700,
0x00000299fc7027d0, 0x00000299fc704210, 0x00000299fc7048a0, 0x00000299fc706970,
0x00000299fc707000, 0x00000299fc74f890, 0x00000299fc752d10, 0x00000299fc74ff20,
0x00000299fc7505b0, 0x00000299fce54d90, 0x00000299fce56140, 0x00000299fce5b690,
0x00000299fce54700, 0x00000299ffabd120, 0x0000029a04aeb040
}

Java Threads: ( => current thread )
  0x00000299880d56a0 JavaThread "main"                              [_thread_blocked, id=3464, stack(0x000000c6c7200000,0x000000c6c7300000) (1024K)]
  0x00000299a8e59c20 JavaThread "Reference Handler"          daemon [_thread_blocked, id=5500, stack(0x000000c6c7a00000,0x000000c6c7b00000) (1024K)]
  0x00000299a8e5ba40 JavaThread "Finalizer"                  daemon [_thread_blocked, id=11748, stack(0x000000c6c7b00000,0x000000c6c7c00000) (1024K)]
  0x00000299a8e5e760 JavaThread "Signal Dispatcher"          daemon [_thread_blocked, id=9576, stack(0x000000c6c7c00000,0x000000c6c7d00000) (1024K)]
  0x00000299a8e5f1c0 JavaThread "Attach Listener"            daemon [_thread_blocked, id=904, stack(0x000000c6c7d00000,0x000000c6c7e00000) (1024K)]
  0x00000299a8e5fc20 JavaThread "Service Thread"             daemon [_thread_blocked, id=3372, stack(0x000000c6c7e00000,0x000000c6c7f00000) (1024K)]
  0x00000299a8e60680 JavaThread "Monitor Deflation Thread"   daemon [_thread_blocked, id=9976, stack(0x000000c6c7f00000,0x000000c6c8000000) (1024K)]
  0x00000299a8e63420 JavaThread "C2 CompilerThread0"         daemon [_thread_blocked, id=4316, stack(0x000000c6c8000000,0x000000c6c8100000) (1024K)]
  0x00000299a8ec7400 JavaThread "C1 CompilerThread0"         daemon [_thread_blocked, id=7252, stack(0x000000c6c8100000,0x000000c6c8200000) (1024K)]
  0x00000299a8e2cac0 JavaThread "Common-Cleaner"             daemon [_thread_blocked, id=6868, stack(0x000000c6c8200000,0x000000c6c8300000) (1024K)]
  0x00000299ee31ff70 JavaThread "Notification Thread"        daemon [_thread_blocked, id=9456, stack(0x000000c6c8300000,0x000000c6c8400000) (1024K)]
  0x00000299a8ec5c30 JavaThread "Daemon health stats"               [_thread_blocked, id=13296, stack(0x000000c6c8700000,0x000000c6c8800000) (1024K)]
  0x00000299ef9fc3c0 JavaThread "Incoming local TCP Connector on port 8572"        [_thread_in_native, id=6216, stack(0x000000c6c8800000,0x000000c6c8900000) (1024K)]
  0x00000299eef96d30 JavaThread "Daemon periodic checks"            [_thread_blocked, id=14292, stack(0x000000c6c8900000,0x000000c6c8a00000) (1024K)]
  0x00000299eef982f0 JavaThread "Daemon"                            [_thread_blocked, id=6116, stack(0x000000c6c8a00000,0x000000c6c8b00000) (1024K)]
  0x00000299efa2abb0 JavaThread "Handler for socket connection from /127.0.0.1:8572 to /127.0.0.1:8574"        [_thread_in_native, id=13284, stack(0x000000c6c8b00000,0x000000c6c8c00000) (1024K)]
  0x00000299efa62890 JavaThread "Cancel handler"                    [_thread_blocked, id=14548, stack(0x000000c6c8c00000,0x000000c6c8d00000) (1024K)]
  0x00000299ef2529d0 JavaThread "Daemon worker"                     [_thread_blocked, id=13924, stack(0x000000c6c8d00000,0x000000c6c8e00000) (1024K)]
  0x00000299ee2265c0 JavaThread "Asynchronous log dispatcher for DefaultDaemonConnection: socket connection from /127.0.0.1:8572 to /127.0.0.1:8574"        [_thread_blocked, id=9428, stack(0x000000c6c8e00000,0x000000c6c8f00000) (1024K)]
  0x00000299ee226c50 JavaThread "Daemon client event forwarder"        [_thread_blocked, id=7556, stack(0x000000c6c9000000,0x000000c6c9100000) (1024K)]
  0x00000299ee2272e0 JavaThread "Cache worker for journal cache (C:\Users\DELL\.gradle\caches\journal-1)"        [_thread_blocked, id=3832, stack(0x000000c6c9100000,0x000000c6c9200000) (1024K)]
  0x00000299ee227970 JavaThread "File lock request listener"        [_thread_in_native, id=13984, stack(0x000000c6c9200000,0x000000c6c9300000) (1024K)]
  0x00000299ee225f30 JavaThread "Cache worker for file hash cache (C:\Users\DELL\.gradle\caches\8.3\fileHashes)"        [_thread_blocked, id=3320, stack(0x000000c6c9300000,0x000000c6c9400000) (1024K)]
  0x00000299ee224b80 JavaThread "File watcher server"        daemon [_thread_in_native, id=10776, stack(0x000000c6c9400000,0x000000c6c9500000) (1024K)]
  0x00000299ee2258a0 JavaThread "File watcher consumer"      daemon [_thread_blocked, id=12644, stack(0x000000c6c9500000,0x000000c6c9600000) (1024K)]
  0x00000299f192a8a0 JavaThread "Cache worker for checksums cache (C:\src\development\unistayapp\android\.gradle\8.3\checksums)"        [_thread_blocked, id=5816, stack(0x000000c6c7000000,0x000000c6c7100000) (1024K)]
  0x00000299f1928140 JavaThread "Cache worker for file hash cache (C:\src\development\unistayapp\android\.gradle\8.3\fileHashes)"        [_thread_blocked, id=10736, stack(0x000000c6c9600000,0x000000c6c9700000) (1024K)]
  0x00000299f192af30 JavaThread "Cache worker for cache directory md-supplier (C:\Users\DELL\.gradle\caches\8.3\md-supplier)"        [_thread_blocked, id=9784, stack(0x000000c6c9700000,0x000000c6c9800000) (1024K)]
  0x00000299f1927420 JavaThread "Cache worker for file content cache (C:\Users\DELL\.gradle\caches\8.3\fileContent)"        [_thread_blocked, id=9968, stack(0x000000c6c9800000,0x000000c6c9900000) (1024K)]
  0x00000299f1929b80 JavaThread "Cache worker for cache directory md-rule (C:\Users\DELL\.gradle\caches\8.3\md-rule)"        [_thread_blocked, id=3260, stack(0x000000c6c9900000,0x000000c6c9a00000) (1024K)]
  0x00000299f19287d0 JavaThread "Cache worker for execution history cache (C:\Users\DELL\.gradle\caches\8.3\executionHistory)"        [_thread_blocked, id=6076, stack(0x000000c6c9a00000,0x000000c6c9b00000) (1024K)]
  0x00000299f192b5c0 JavaThread "jar transforms"                    [_thread_blocked, id=3732, stack(0x000000c6c9b00000,0x000000c6c9c00000) (1024K)]
  0x00000299f1926700 JavaThread "Cache worker for kotlin-dsl (C:\Users\DELL\.gradle\caches\8.3\kotlin-dsl)"        [_thread_blocked, id=10344, stack(0x000000c6c9c00000,0x000000c6c9d00000) (1024K)]
  0x00000299f32e01e0 JavaThread "jar transforms Thread 2"           [_thread_blocked, id=3220, stack(0x000000c6c6f00000,0x000000c6c7000000) (1024K)]
  0x00000299f32dcd60 JavaThread "jar transforms Thread 3"           [_thread_blocked, id=5688, stack(0x000000c6c7100000,0x000000c6c7200000) (1024K)]
  0x00000299f32e2940 JavaThread "Cache worker for dependencies-accessors (C:\src\development\unistayapp\android\.gradle\8.3\dependencies-accessors)"        [_thread_blocked, id=636, stack(0x000000c6c8f00000,0x000000c6c9000000) (1024K)]
  0x00000299f32dc040 JavaThread "Cache worker for Build Output Cleanup Cache (C:\src\flutter\packages\flutter_tools\gradle\.gradle\buildOutputCleanup)"        [_thread_blocked, id=7196, stack(0x000000c6c9d00000,0x000000c6c9e00000) (1024K)]
  0x00000299f32dda80 JavaThread "jar transforms Thread 4"           [_thread_blocked, id=13936, stack(0x000000c6c9e00000,0x000000c6c9f00000) (1024K)]
  0x00000299f32de7a0 JavaThread "Memory manager"                    [_thread_blocked, id=1168, stack(0x000000c6c9f00000,0x000000c6ca000000) (1024K)]
  0x00000299fcf58950 JavaThread "Execution worker"                  [_thread_blocked, id=4908, stack(0x000000c6ca100000,0x000000c6ca200000) (1024K)]
  0x00000299fcf5aa20 JavaThread "Execution worker Thread 2"         [_thread_blocked, id=6732, stack(0x000000c6ca200000,0x000000c6ca300000) (1024K)]
  0x00000299fcf5b740 JavaThread "Execution worker Thread 3"         [_thread_blocked, id=3368, stack(0x000000c6ca300000,0x000000c6ca400000) (1024K)]
  0x00000299fcf5b0b0 JavaThread "Cache worker for execution history cache (C:\src\flutter\packages\flutter_tools\gradle\.gradle\8.3\executionHistory)"        [_thread_blocked, id=1004, stack(0x000000c6ca400000,0x000000c6ca500000) (1024K)]
  0x00000299fcf5bdd0 JavaThread "Unconstrained build operations"        [_thread_blocked, id=3188, stack(0x000000c6ca500000,0x000000c6ca600000) (1024K)]
  0x00000299fcf58fe0 JavaThread "Unconstrained build operations Thread 2"        [_thread_blocked, id=8220, stack(0x000000c6ca600000,0x000000c6ca700000) (1024K)]
  0x00000299fcf59670 JavaThread "Unconstrained build operations Thread 3"        [_thread_blocked, id=6836, stack(0x000000c6ca700000,0x000000c6ca800000) (1024K)]
  0x00000299fc705c50 JavaThread "Unconstrained build operations Thread 4"        [_thread_blocked, id=10512, stack(0x000000c6cab00000,0x000000c6cac00000) (1024K)]
  0x00000299fc700700 JavaThread "Unconstrained build operations Thread 5"        [_thread_blocked, id=1420, stack(0x000000c6cae00000,0x000000c6caf00000) (1024K)]
  0x00000299fc7027d0 JavaThread "Unconstrained build operations Thread 6"        [_thread_blocked, id=5420, stack(0x000000c6caf00000,0x000000c6cb000000) (1024K)]
  0x00000299fc704210 JavaThread "Cache worker for Build Output Cleanup Cache (C:\src\development\unistayapp\android\.gradle\buildOutputCleanup)"        [_thread_blocked, id=14580, stack(0x000000c6ca000000,0x000000c6ca100000) (1024K)]
  0x00000299fc7048a0 JavaThread "Unconstrained build operations Thread 7"        [_thread_blocked, id=9516, stack(0x000000c6ca800000,0x000000c6ca900000) (1024K)]
  0x00000299fc706970 JavaThread "Unconstrained build operations Thread 8"        [_thread_blocked, id=6916, stack(0x000000c6cad00000,0x000000c6cae00000) (1024K)]
  0x00000299fc707000 JavaThread "Unconstrained build operations Thread 9"        [_thread_blocked, id=12984, stack(0x000000c6cb000000,0x000000c6cb100000) (1024K)]
  0x00000299fc74f890 JavaThread "Kotlin DSL Writer"                 [_thread_blocked, id=7388, stack(0x000000c6caa00000,0x000000c6cab00000) (1024K)]
  0x00000299fc752d10 JavaThread "Unconstrained build operations Thread 10"        [_thread_blocked, id=13660, stack(0x000000c6ca900000,0x000000c6caa00000) (1024K)]
  0x00000299fc74ff20 JavaThread "Unconstrained build operations Thread 11"        [_thread_blocked, id=8476, stack(0x000000c6cb100000,0x000000c6cb200000) (1024K)]
  0x00000299fc7505b0 JavaThread "Unconstrained build operations Thread 12"        [_thread_blocked, id=9256, stack(0x000000c6cb200000,0x000000c6cb300000) (1024K)]
  0x00000299fce54d90 JavaThread "Unconstrained build operations Thread 13"        [_thread_blocked, id=6528, stack(0x000000c6cac00000,0x000000c6cad00000) (1024K)]
  0x00000299fce56140 JavaThread "Unconstrained build operations Thread 14"        [_thread_blocked, id=9140, stack(0x000000c6cb300000,0x000000c6cb400000) (1024K)]
  0x00000299fce5b690 JavaThread "Unconstrained build operations Thread 15"        [_thread_blocked, id=5832, stack(0x000000c6cb400000,0x000000c6cb500000) (1024K)]
  0x00000299fce54700 JavaThread "Unconstrained build operations Thread 16"        [_thread_blocked, id=14984, stack(0x000000c6cb500000,0x000000c6cb600000) (1024K)]
  0x00000299ffabd120 JavaThread "Unconstrained build operations Thread 17"        [_thread_blocked, id=9512, stack(0x000000c6cb600000,0x000000c6cb700000) (1024K)]
  0x0000029a04aeb040 JavaThread "Unconstrained build operations Thread 18"        [_thread_blocked, id=9052, stack(0x000000c6cb700000,0x000000c6cb800000) (1024K)]
Total: 63

Other Threads:
=>0x00000299a8e3cb30 VMThread "VM Thread"                           [id=12760, stack(0x000000c6c7900000,0x000000c6c7a00000) (1024K)]
  0x00000299a8e2ae40 WatcherThread "VM Periodic Task Thread"        [id=3016, stack(0x000000c6c7800000,0x000000c6c7900000) (1024K)]
  0x000002998a367060 WorkerThread "GC Thread#0"                     [id=15164, stack(0x000000c6c7300000,0x000000c6c7400000) (1024K)]
  0x00000299ee3c1f90 WorkerThread "GC Thread#1"                     [id=8080, stack(0x000000c6c8400000,0x000000c6c8500000) (1024K)]
  0x00000299ee40bed0 WorkerThread "GC Thread#2"                     [id=11800, stack(0x000000c6c8500000,0x000000c6c8600000) (1024K)]
  0x00000299eebf0e90 WorkerThread "GC Thread#3"                     [id=15076, stack(0x000000c6c8600000,0x000000c6c8700000) (1024K)]
  0x000002998a378040 ConcurrentGCThread "G1 Main Marker"            [id=12092, stack(0x000000c6c7400000,0x000000c6c7500000) (1024K)]
  0x000002998a378cf0 WorkerThread "G1 Conc#0"                       [id=7932, stack(0x000000c6c7500000,0x000000c6c7600000) (1024K)]
  0x000002998a3b5da0 ConcurrentGCThread "G1 Refine#0"               [id=10136, stack(0x000000c6c7600000,0x000000c6c7700000) (1024K)]
  0x000002998a3b7ad0 ConcurrentGCThread "G1 Service"                [id=4016, stack(0x000000c6c7700000,0x000000c6c7800000) (1024K)]
Total: 10

Threads with active compile tasks:
C2 CompilerThread0  4078563 27047       4       groovyjarjarantlr4.v4.runtime.atn.ParserATNSimulator::computeStartState (710 bytes)
Total: 1

VM state: at safepoint (normal execution)

VM Mutex/Monitor currently owned by a thread:  ([mutex/lock_event])
[0x00007ffdad1e2128] Threads_lock - owner thread: 0x00000299a8e3cb30
[0x00007ffdad1e2228] Heap_lock - owner thread: 0x00000299ef2529d0

Heap address: 0x0000000700000000, size: 4096 MB, Compressed Oops mode: Zero based, Oop shift amount: 3

CDS archive(s) mapped at: [0x00000299a9000000-0x00000299a9c90000-0x00000299a9c90000), size 13172736, SharedBaseAddress: 0x00000299a9000000, ArchiveRelocationMode: 1.
Compressed class space mapped at: 0x00000299aa000000-0x00000299ea000000, reserved size: 1073741824
Narrow klass base: 0x00000299a9000000, Narrow klass shift: 0, Narrow klass range: 0x100000000

GC Precious Log:
 CardTable entry size: 512
 Card Set container configuration: InlinePtr #cards 4 size 8 Array Of Cards #cards 16 size 48 Howl #buckets 8 coarsen threshold 3686 Howl Bitmap #cards 512 size 80 coarsen threshold 460 Card regions per heap region 1 cards per card region 4096
 CPUs: 4 total, 4 available
 Memory: 4000M
 Large Page Support: Disabled
 NUMA Support: Disabled
 Compressed Oops: Enabled (Zero based)
 Heap Region Size: 2M
 Heap Min Capacity: 8M
 Heap Initial Capacity: 64M
 Heap Max Capacity: 4G
 Pre-touch: Disabled
 Parallel Workers: 4
 Concurrent Workers: 1
 Concurrent Refinement Workers: 4
 Periodic GC: Disabled

Heap:
 garbage-first heap   total 774144K, used 294723K [0x0000000700000000, 0x0000000800000000)
  region size 2048K, 2 young (4096K), 2 survivors (4096K)
 Metaspace       used 170815K, committed 176832K, reserved 1245184K
  class space    used 21600K, committed 23744K, reserved 1048576K

Heap Regions: E=young(eden), S=young(survivor), O=old, HS=humongous(starts), HC=humongous(continues), CS=collection set, F=free, TAMS=top-at-mark-start, PB=parsable bottom
|   0|0x0000000700000000, 0x0000000700200000, 0x0000000700200000|100%| O|  |TAMS 0x0000000700200000| PB 0x0000000700000000| Untracked 
|   1|0x0000000700200000, 0x0000000700400000, 0x0000000700400000|100%|HS|  |TAMS 0x0000000700400000| PB 0x0000000700200000| Complete 
|   2|0x0000000700400000, 0x0000000700600000, 0x0000000700600000|100%|HC|  |TAMS 0x0000000700600000| PB 0x0000000700400000| Complete 
|   3|0x0000000700600000, 0x0000000700800000, 0x0000000700800000|100%| O|  |TAMS 0x0000000700800000| PB 0x0000000700600000| Untracked 
|   4|0x0000000700800000, 0x0000000700a00000, 0x0000000700a00000|100%| O|  |TAMS 0x0000000700a00000| PB 0x0000000700800000| Updating 
|   5|0x0000000700a00000, 0x0000000700c00000, 0x0000000700c00000|100%| O|  |TAMS 0x0000000700c00000| PB 0x0000000700a00000| Untracked 
|   6|0x0000000700c00000, 0x0000000700e00000, 0x0000000700e00000|100%| O|  |TAMS 0x0000000700e00000| PB 0x0000000700c00000| Untracked 
|   7|0x0000000700e00000, 0x0000000701000000, 0x0000000701000000|100%| O|  |TAMS 0x0000000701000000| PB 0x0000000700e00000| Untracked 
|   8|0x0000000701000000, 0x0000000701200000, 0x0000000701200000|100%| O|  |TAMS 0x0000000701200000| PB 0x0000000701000000| Untracked 
|   9|0x0000000701200000, 0x0000000701400000, 0x0000000701400000|100%| O|  |TAMS 0x0000000701400000| PB 0x0000000701200000| Updating 
|  10|0x0000000701400000, 0x0000000701600000, 0x0000000701600000|100%| O|  |TAMS 0x0000000701600000| PB 0x0000000701400000| Updating 
|  11|0x0000000701600000, 0x0000000701800000, 0x0000000701800000|100%| O|  |TAMS 0x0000000701800000| PB 0x0000000701600000| Updating 
|  12|0x0000000701800000, 0x0000000701a00000, 0x0000000701a00000|100%| O|  |TAMS 0x0000000701a00000| PB 0x0000000701800000| Updating 
|  13|0x0000000701a00000, 0x0000000701c00000, 0x0000000701c00000|100%| O|  |TAMS 0x0000000701c00000| PB 0x0000000701a00000| Updating 
|  14|0x0000000701c00000, 0x0000000701e00000, 0x0000000701e00000|100%| O|  |TAMS 0x0000000701e00000| PB 0x0000000701c00000| Updating 
|  15|0x0000000701e00000, 0x0000000702000000, 0x0000000702000000|100%| O|  |TAMS 0x0000000702000000| PB 0x0000000701e00000| Untracked 
|  16|0x0000000702000000, 0x0000000702200000, 0x0000000702200000|100%| O|  |TAMS 0x0000000702200000| PB 0x0000000702000000| Updating 
|  17|0x0000000702200000, 0x0000000702400000, 0x0000000702400000|100%| O|  |TAMS 0x0000000702400000| PB 0x0000000702200000| Updating 
|  18|0x0000000702400000, 0x0000000702600000, 0x0000000702600000|100%| O|  |TAMS 0x0000000702600000| PB 0x0000000702400000| Updating 
|  19|0x0000000702600000, 0x0000000702800000, 0x0000000702800000|100%| O|  |TAMS 0x0000000702800000| PB 0x0000000702600000| Updating 
|  20|0x0000000702800000, 0x0000000702a00000, 0x0000000702a00000|100%| O|  |TAMS 0x0000000702a00000| PB 0x0000000702800000| Updating 
|  21|0x0000000702a00000, 0x0000000702c00000, 0x0000000702c00000|100%| O|  |TAMS 0x0000000702c00000| PB 0x0000000702a00000| Updating 
|  22|0x0000000702c00000, 0x0000000702e00000, 0x0000000702e00000|100%| O|  |TAMS 0x0000000702e00000| PB 0x0000000702c00000| Updating 
|  23|0x0000000702e00000, 0x0000000703000000, 0x0000000703000000|100%| O|  |TAMS 0x0000000703000000| PB 0x0000000702e00000| Updating 
|  24|0x0000000703000000, 0x0000000703200000, 0x0000000703200000|100%|HS|  |TAMS 0x0000000703200000| PB 0x0000000703000000| Complete 
|  25|0x0000000703200000, 0x0000000703400000, 0x0000000703400000|100%| O|  |TAMS 0x0000000703400000| PB 0x0000000703200000| Updating 
|  26|0x0000000703400000, 0x0000000703600000, 0x0000000703600000|100%| O|  |TAMS 0x0000000703600000| PB 0x0000000703400000| Untracked 
|  27|0x0000000703600000, 0x0000000703800000, 0x0000000703800000|100%| O|  |TAMS 0x0000000703800000| PB 0x0000000703600000| Updating 
|  28|0x0000000703800000, 0x0000000703a00000, 0x0000000703a00000|100%| O|  |TAMS 0x0000000703a00000| PB 0x0000000703800000| Updating 
|  29|0x0000000703a00000, 0x0000000703c00000, 0x0000000703c00000|100%| O|  |TAMS 0x0000000703c00000| PB 0x0000000703a00000| Updating 
|  30|0x0000000703c00000, 0x0000000703e00000, 0x0000000703e00000|100%| O|  |TAMS 0x0000000703e00000| PB 0x0000000703c00000| Updating 
|  31|0x0000000703e00000, 0x0000000704000000, 0x0000000704000000|100%| O|  |TAMS 0x0000000704000000| PB 0x0000000703e00000| Updating 
|  32|0x0000000704000000, 0x0000000704200000, 0x0000000704200000|100%| O|  |TAMS 0x0000000704200000| PB 0x0000000704000000| Untracked 
|  33|0x0000000704200000, 0x0000000704400000, 0x0000000704400000|100%| O|  |TAMS 0x0000000704400000| PB 0x0000000704200000| Updating 
|  34|0x0000000704400000, 0x0000000704600000, 0x0000000704600000|100%| O|  |TAMS 0x0000000704600000| PB 0x0000000704400000| Updating 
|  35|0x0000000704600000, 0x0000000704800000, 0x0000000704800000|100%| O|  |TAMS 0x0000000704800000| PB 0x0000000704600000| Updating 
|  36|0x0000000704800000, 0x0000000704a00000, 0x0000000704a00000|100%| O|  |TAMS 0x0000000704a00000| PB 0x0000000704800000| Updating 
|  37|0x0000000704a00000, 0x0000000704c00000, 0x0000000704c00000|100%|HS|  |TAMS 0x0000000704c00000| PB 0x0000000704a00000| Complete 
|  38|0x0000000704c00000, 0x0000000704e00000, 0x0000000704e00000|100%| O|  |TAMS 0x0000000704e00000| PB 0x0000000704c00000| Updating 
|  39|0x0000000704e00000, 0x0000000705000000, 0x0000000705000000|100%|HS|  |TAMS 0x0000000705000000| PB 0x0000000704e00000| Complete 
|  40|0x0000000705000000, 0x0000000705200000, 0x0000000705200000|100%|HC|  |TAMS 0x0000000705200000| PB 0x0000000705000000| Complete 
|  41|0x0000000705200000, 0x0000000705400000, 0x0000000705400000|100%| O|  |TAMS 0x0000000705400000| PB 0x0000000705200000| Untracked 
|  42|0x0000000705400000, 0x0000000705600000, 0x0000000705600000|100%| O|  |TAMS 0x0000000705600000| PB 0x0000000705400000| Updating 
|  43|0x0000000705600000, 0x0000000705800000, 0x0000000705800000|100%| O|  |TAMS 0x0000000705800000| PB 0x0000000705600000| Updating 
|  44|0x0000000705800000, 0x0000000705a00000, 0x0000000705a00000|100%| O|  |TAMS 0x0000000705a00000| PB 0x0000000705800000| Updating 
|  45|0x0000000705a00000, 0x0000000705c00000, 0x0000000705c00000|100%| O|  |TAMS 0x0000000705c00000| PB 0x0000000705a00000| Updating 
|  46|0x0000000705c00000, 0x0000000705e00000, 0x0000000705e00000|100%|HS|  |TAMS 0x0000000705e00000| PB 0x0000000705c00000| Complete 
|  47|0x0000000705e00000, 0x0000000706000000, 0x0000000706000000|100%| O|  |TAMS 0x0000000706000000| PB 0x0000000705e00000| Untracked 
|  48|0x0000000706000000, 0x0000000706200000, 0x0000000706200000|100%| O|  |TAMS 0x0000000706200000| PB 0x0000000706000000| Updating 
|  49|0x0000000706200000, 0x0000000706400000, 0x0000000706400000|100%| O|  |TAMS 0x0000000706400000| PB 0x0000000706200000| Untracked 
|  50|0x0000000706400000, 0x0000000706600000, 0x0000000706600000|100%| O|  |TAMS 0x0000000706600000| PB 0x0000000706400000| Updating 
|  51|0x0000000706600000, 0x0000000706800000, 0x0000000706800000|100%| O|  |TAMS 0x0000000706800000| PB 0x0000000706600000| Untracked 
|  52|0x0000000706800000, 0x0000000706a00000, 0x0000000706a00000|100%| O|  |TAMS 0x0000000706a00000| PB 0x0000000706a00000| Untracked 
|  53|0x0000000706a00000, 0x0000000706c00000, 0x0000000706c00000|100%| O|  |TAMS 0x0000000706c00000| PB 0x0000000706c00000| Untracked 
|  54|0x0000000706c00000, 0x0000000706e00000, 0x0000000706e00000|100%| O|  |TAMS 0x0000000706e00000| PB 0x0000000706e00000| Updating 
|  55|0x0000000706e00000, 0x0000000707000000, 0x0000000707000000|100%| O|  |TAMS 0x0000000707000000| PB 0x0000000707000000| Updating 
|  56|0x0000000707000000, 0x0000000707200000, 0x0000000707200000|100%| O|  |TAMS 0x0000000707200000| PB 0x0000000707200000| Untracked 
|  57|0x0000000707200000, 0x0000000707400000, 0x0000000707400000|100%| O|  |TAMS 0x0000000707400000| PB 0x0000000707400000| Untracked 
|  58|0x0000000707400000, 0x0000000707600000, 0x0000000707600000|100%| O|  |TAMS 0x0000000707600000| PB 0x0000000707600000| Untracked 
|  59|0x0000000707600000, 0x0000000707800000, 0x0000000707800000|100%| O|  |TAMS 0x0000000707800000| PB 0x0000000707800000| Untracked 
|  60|0x0000000707800000, 0x0000000707a00000, 0x0000000707a00000|100%| O|  |TAMS 0x0000000707a00000| PB 0x0000000707a00000| Updating 
|  61|0x0000000707a00000, 0x0000000707c00000, 0x0000000707c00000|100%| O|  |TAMS 0x0000000707c00000| PB 0x0000000707c00000| Untracked 
|  62|0x0000000707c00000, 0x0000000707e00000, 0x0000000707e00000|100%| O|  |TAMS 0x0000000707e00000| PB 0x0000000707e00000| Untracked 
|  63|0x0000000707e00000, 0x0000000708000000, 0x0000000708000000|100%| O|  |TAMS 0x0000000708000000| PB 0x0000000708000000| Updating 
|  64|0x0000000708000000, 0x0000000708200000, 0x0000000708200000|100%|HS|  |TAMS 0x0000000708200000| PB 0x0000000708000000| Complete 
|  65|0x0000000708200000, 0x0000000708400000, 0x0000000708400000|100%|HC|  |TAMS 0x0000000708400000| PB 0x0000000708200000| Complete 
|  66|0x0000000708400000, 0x0000000708600000, 0x0000000708600000|100%| O|  |TAMS 0x0000000708600000| PB 0x0000000708600000| Untracked 
|  67|0x0000000708600000, 0x0000000708800000, 0x0000000708800000|100%| O|  |TAMS 0x0000000708800000| PB 0x0000000708800000| Untracked 
|  68|0x0000000708800000, 0x0000000708a00000, 0x0000000708a00000|100%| O|  |TAMS 0x0000000708a00000| PB 0x0000000708a00000| Updating 
|  69|0x0000000708a00000, 0x0000000708c00000, 0x0000000708c00000|100%| O|  |TAMS 0x0000000708c00000| PB 0x0000000708c00000| Updating 
|  70|0x0000000708c00000, 0x0000000708e00000, 0x0000000708e00000|100%| O|  |TAMS 0x0000000708e00000| PB 0x0000000708e00000| Untracked 
|  71|0x0000000708e00000, 0x0000000709000000, 0x0000000709000000|100%| O|  |TAMS 0x0000000709000000| PB 0x0000000709000000| Untracked 
|  72|0x0000000709000000, 0x0000000709200000, 0x0000000709200000|100%| O|  |TAMS 0x0000000709200000| PB 0x0000000709200000| Untracked 
|  73|0x0000000709200000, 0x0000000709400000, 0x0000000709400000|100%| O|  |TAMS 0x0000000709400000| PB 0x0000000709400000| Updating 
|  74|0x0000000709400000, 0x0000000709600000, 0x0000000709600000|100%| O|  |TAMS 0x0000000709600000| PB 0x0000000709600000| Untracked 
|  75|0x0000000709600000, 0x0000000709800000, 0x0000000709800000|100%| O|  |TAMS 0x0000000709800000| PB 0x0000000709800000| Untracked 
|  76|0x0000000709800000, 0x0000000709a00000, 0x0000000709a00000|100%| O|  |TAMS 0x0000000709a00000| PB 0x0000000709a00000| Updating 
|  77|0x0000000709a00000, 0x0000000709c00000, 0x0000000709c00000|100%| O|  |TAMS 0x0000000709c00000| PB 0x0000000709c00000| Untracked 
|  78|0x0000000709c00000, 0x0000000709e00000, 0x0000000709e00000|100%| O|  |TAMS 0x0000000709e00000| PB 0x0000000709e00000| Untracked 
|  79|0x0000000709e00000, 0x000000070a000000, 0x000000070a000000|100%| O|  |TAMS 0x000000070a000000| PB 0x000000070a000000| Updating 
|  80|0x000000070a000000, 0x000000070a200000, 0x000000070a200000|100%| O|  |TAMS 0x000000070a200000| PB 0x000000070a200000| Updating 
|  81|0x000000070a200000, 0x000000070a400000, 0x000000070a400000|100%| O|  |TAMS 0x000000070a400000| PB 0x000000070a400000| Updating 
|  82|0x000000070a400000, 0x000000070a600000, 0x000000070a600000|100%| O|  |TAMS 0x000000070a600000| PB 0x000000070a600000| Updating 
|  83|0x000000070a600000, 0x000000070a800000, 0x000000070a800000|100%| O|  |TAMS 0x000000070a800000| PB 0x000000070a800000| Untracked 
|  84|0x000000070a800000, 0x000000070aa00000, 0x000000070aa00000|100%| O|  |TAMS 0x000000070aa00000| PB 0x000000070aa00000| Untracked 
|  85|0x000000070aa00000, 0x000000070ac00000, 0x000000070ac00000|100%| O|  |TAMS 0x000000070ac00000| PB 0x000000070ac00000| Updating 
|  86|0x000000070ac00000, 0x000000070ae00000, 0x000000070ae00000|100%| O|  |TAMS 0x000000070ae00000| PB 0x000000070ae00000| Updating 
|  87|0x000000070ae00000, 0x000000070b000000, 0x000000070b000000|100%| O|  |TAMS 0x000000070b000000| PB 0x000000070b000000| Updating 
|  88|0x000000070b000000, 0x000000070b200000, 0x000000070b200000|100%| O|  |TAMS 0x000000070b200000| PB 0x000000070b200000| Updating 
|  89|0x000000070b200000, 0x000000070b400000, 0x000000070b400000|100%| O|  |TAMS 0x000000070b400000| PB 0x000000070b400000| Updating 
|  90|0x000000070b400000, 0x000000070b600000, 0x000000070b600000|100%| O|  |TAMS 0x000000070b600000| PB 0x000000070b600000| Updating 
|  91|0x000000070b600000, 0x000000070b800000, 0x000000070b800000|100%| O|  |TAMS 0x000000070b800000| PB 0x000000070b800000| Updating 
|  92|0x000000070b800000, 0x000000070ba00000, 0x000000070ba00000|100%| O|  |TAMS 0x000000070ba00000| PB 0x000000070ba00000| Updating 
|  93|0x000000070ba00000, 0x000000070bc00000, 0x000000070bc00000|100%| O|  |TAMS 0x000000070bc00000| PB 0x000000070bc00000| Updating 
|  94|0x000000070bc00000, 0x000000070be00000, 0x000000070be00000|100%| O|  |TAMS 0x000000070be00000| PB 0x000000070be00000| Updating 
|  95|0x000000070be00000, 0x000000070c000000, 0x000000070c000000|100%|HS|  |TAMS 0x000000070c000000| PB 0x000000070be00000| Complete 
|  96|0x000000070c000000, 0x000000070c200000, 0x000000070c200000|100%|HC|  |TAMS 0x000000070c200000| PB 0x000000070c000000| Complete 
|  97|0x000000070c200000, 0x000000070c400000, 0x000000070c400000|100%| O|  |TAMS 0x000000070c400000| PB 0x000000070c400000| Updating 
|  98|0x000000070c400000, 0x000000070c600000, 0x000000070c600000|100%| O|  |TAMS 0x000000070c600000| PB 0x000000070c600000| Untracked 
|  99|0x000000070c600000, 0x000000070c800000, 0x000000070c800000|100%| O|  |TAMS 0x000000070c800000| PB 0x000000070c800000| Updating 
| 100|0x000000070c800000, 0x000000070ca00000, 0x000000070ca00000|100%| O|  |TAMS 0x000000070ca00000| PB 0x000000070ca00000| Updating 
| 101|0x000000070ca00000, 0x000000070cc00000, 0x000000070cc00000|100%| O|  |TAMS 0x000000070cc00000| PB 0x000000070cc00000| Updating 
| 102|0x000000070cc00000, 0x000000070ce00000, 0x000000070ce00000|100%| O|  |TAMS 0x000000070ce00000| PB 0x000000070ce00000| Updating 
| 103|0x000000070ce00000, 0x000000070d000000, 0x000000070d000000|100%| O|  |TAMS 0x000000070d000000| PB 0x000000070d000000| Untracked 
| 104|0x000000070d000000, 0x000000070d200000, 0x000000070d200000|100%| O|  |TAMS 0x000000070d200000| PB 0x000000070d200000| Updating 
| 105|0x000000070d200000, 0x000000070d400000, 0x000000070d400000|100%| O|  |TAMS 0x000000070d400000| PB 0x000000070d400000| Updating 
| 106|0x000000070d400000, 0x000000070d600000, 0x000000070d600000|100%| O|  |TAMS 0x000000070d600000| PB 0x000000070d600000| Updating 
| 107|0x000000070d600000, 0x000000070d800000, 0x000000070d800000|100%| O|  |TAMS 0x000000070d800000| PB 0x000000070d800000| Updating 
| 108|0x000000070d800000, 0x000000070da00000, 0x000000070da00000|100%| O|  |TAMS 0x000000070da00000| PB 0x000000070da00000| Updating 
| 109|0x000000070da00000, 0x000000070dc00000, 0x000000070dc00000|100%| O|  |TAMS 0x000000070dc00000| PB 0x000000070dc00000| Updating 
| 110|0x000000070dc00000, 0x000000070de00000, 0x000000070de00000|100%| O|  |TAMS 0x000000070de00000| PB 0x000000070de00000| Updating 
| 111|0x000000070de00000, 0x000000070e000000, 0x000000070e000000|100%|HS|  |TAMS 0x000000070e000000| PB 0x000000070de00000| Complete 
| 112|0x000000070e000000, 0x000000070e200000, 0x000000070e200000|100%|HC|  |TAMS 0x000000070e200000| PB 0x000000070e000000| Complete 
| 113|0x000000070e200000, 0x000000070e400000, 0x000000070e400000|100%|HC|  |TAMS 0x000000070e400000| PB 0x000000070e200000| Complete 
| 114|0x000000070e400000, 0x000000070e600000, 0x000000070e600000|100%| O|  |TAMS 0x000000070e600000| PB 0x000000070e600000| Untracked 
| 115|0x000000070e600000, 0x000000070e800000, 0x000000070e800000|100%| O|  |TAMS 0x000000070e800000| PB 0x000000070e800000| Updating 
| 116|0x000000070e800000, 0x000000070ea00000, 0x000000070ea00000|100%| O|  |TAMS 0x000000070ea00000| PB 0x000000070ea00000| Updating 
| 117|0x000000070ea00000, 0x000000070ec00000, 0x000000070ec00000|100%| O|  |TAMS 0x000000070ec00000| PB 0x000000070ec00000| Updating 
| 118|0x000000070ec00000, 0x000000070ee00000, 0x000000070ee00000|100%| O|  |TAMS 0x000000070ee00000| PB 0x000000070ee00000| Updating 
| 119|0x000000070ee00000, 0x000000070f000000, 0x000000070f000000|100%| O|  |TAMS 0x000000070f000000| PB 0x000000070f000000| Updating 
| 120|0x000000070f000000, 0x000000070f200000, 0x000000070f200000|100%| O|  |TAMS 0x000000070f200000| PB 0x000000070f200000| Updating 
| 121|0x000000070f200000, 0x000000070f400000, 0x000000070f400000|100%| O|  |TAMS 0x000000070f400000| PB 0x000000070f400000| Updating 
| 122|0x000000070f400000, 0x000000070f600000, 0x000000070f600000|100%| O|  |TAMS 0x000000070f600000| PB 0x000000070f600000| Untracked 
| 123|0x000000070f600000, 0x000000070f800000, 0x000000070f800000|100%| O|  |TAMS 0x000000070f800000| PB 0x000000070f800000| Untracked 
| 124|0x000000070f800000, 0x000000070fa00000, 0x000000070fa00000|100%| O|  |TAMS 0x000000070fa00000| PB 0x000000070fa00000| Untracked 
| 125|0x000000070fa00000, 0x000000070fc00000, 0x000000070fc00000|100%| O|  |TAMS 0x000000070fc00000| PB 0x000000070fc00000| Untracked 
| 126|0x000000070fc00000, 0x000000070fe00000, 0x000000070fe00000|100%| O|  |TAMS 0x000000070fe00000| PB 0x000000070fe00000| Updating 
| 127|0x000000070fe00000, 0x0000000710000000, 0x0000000710000000|100%| O|  |TAMS 0x0000000710000000| PB 0x0000000710000000| Untracked 
| 128|0x0000000710000000, 0x0000000710200000, 0x0000000710200000|100%| O|  |TAMS 0x0000000710200000| PB 0x0000000710200000| Untracked 
| 129|0x0000000710200000, 0x0000000710400000, 0x0000000710400000|100%| O|  |TAMS 0x0000000710400000| PB 0x0000000710400000| Untracked 
| 130|0x0000000710400000, 0x0000000710600000, 0x0000000710600000|100%| O|  |TAMS 0x0000000710600000| PB 0x0000000710600000| Untracked 
| 131|0x0000000710600000, 0x0000000710800000, 0x0000000710800000|100%| O|  |TAMS 0x0000000710800000| PB 0x0000000710800000| Untracked 
| 132|0x0000000710800000, 0x0000000710a00000, 0x0000000710a00000|100%| O|  |TAMS 0x0000000710a00000| PB 0x0000000710a00000| Untracked 
| 133|0x0000000710a00000, 0x0000000710c00000, 0x0000000710c00000|100%| O|  |TAMS 0x0000000710c00000| PB 0x0000000710c00000| Untracked 
| 134|0x0000000710c00000, 0x0000000710e00000, 0x0000000710e00000|100%| O|  |TAMS 0x0000000710e00000| PB 0x0000000710e00000| Updating 
| 135|0x0000000710e00000, 0x0000000711000000, 0x0000000711000000|100%| O|  |TAMS 0x0000000711000000| PB 0x0000000711000000| Untracked 
| 136|0x0000000711000000, 0x0000000711200000, 0x0000000711200000|100%| O|  |TAMS 0x0000000711200000| PB 0x0000000711200000| Updating 
| 137|0x0000000711200000, 0x0000000711400000, 0x0000000711400000|100%| O|  |TAMS 0x0000000711400000| PB 0x0000000711400000| Untracked 
| 138|0x0000000711400000, 0x0000000711600000, 0x0000000711600000|100%| O|  |TAMS 0x0000000711600000| PB 0x0000000711600000| Untracked 
| 139|0x0000000711600000, 0x0000000711800000, 0x0000000711800000|100%| O|  |TAMS 0x0000000711689670| PB 0x0000000711689670| Untracked 
| 140|0x0000000711800000, 0x0000000711a00000, 0x0000000711a00000|100%| O|  |TAMS 0x0000000711800000| PB 0x0000000711800000| Untracked 
| 141|0x0000000711a00000, 0x0000000711c00000, 0x0000000711c00000|100%| O|  |TAMS 0x0000000711a00000| PB 0x0000000711a00000| Untracked 
| 142|0x0000000711c00000, 0x0000000711cece30, 0x0000000711e00000| 46%| O|  |TAMS 0x0000000711c00000| PB 0x0000000711c00000| Updating 
| 143|0x0000000711e00000, 0x0000000711e00000, 0x0000000712000000|  0%| F|  |TAMS 0x0000000711e00000| PB 0x0000000711e00000| Untracked 
| 144|0x0000000712000000, 0x0000000712000000, 0x0000000712200000|  0%| F|  |TAMS 0x0000000712000000| PB 0x0000000712000000| Untracked 
| 145|0x0000000712200000, 0x0000000712200000, 0x0000000712400000|  0%| F|  |TAMS 0x0000000712200000| PB 0x0000000712200000| Untracked 
| 146|0x0000000712400000, 0x0000000712400000, 0x0000000712600000|  0%| F|  |TAMS 0x0000000712400000| PB 0x0000000712400000| Untracked 
| 147|0x0000000712600000, 0x0000000712600000, 0x0000000712800000|  0%| F|  |TAMS 0x0000000712600000| PB 0x0000000712600000| Untracked 
| 148|0x0000000712800000, 0x0000000712800000, 0x0000000712a00000|  0%| F|  |TAMS 0x0000000712800000| PB 0x0000000712800000| Untracked 
| 149|0x0000000712a00000, 0x0000000712a00000, 0x0000000712c00000|  0%| F|  |TAMS 0x0000000712a00000| PB 0x0000000712a00000| Untracked 
| 150|0x0000000712c00000, 0x0000000712c00000, 0x0000000712e00000|  0%| F|  |TAMS 0x0000000712c00000| PB 0x0000000712c00000| Untracked 
| 151|0x0000000712e00000, 0x0000000712e00000, 0x0000000713000000|  0%| F|  |TAMS 0x0000000712e00000| PB 0x0000000712e00000| Untracked 
| 152|0x0000000713000000, 0x0000000713000000, 0x0000000713200000|  0%| F|  |TAMS 0x0000000713000000| PB 0x0000000713000000| Untracked 
| 153|0x0000000713200000, 0x0000000713200000, 0x0000000713400000|  0%| F|  |TAMS 0x0000000713200000| PB 0x0000000713200000| Untracked 
| 154|0x0000000713400000, 0x0000000713400000, 0x0000000713600000|  0%| F|  |TAMS 0x0000000713400000| PB 0x0000000713400000| Untracked 
| 155|0x0000000713600000, 0x0000000713600000, 0x0000000713800000|  0%| F|  |TAMS 0x0000000713600000| PB 0x0000000713600000| Untracked 
| 156|0x0000000713800000, 0x0000000713800000, 0x0000000713a00000|  0%| F|  |TAMS 0x0000000713800000| PB 0x0000000713800000| Untracked 
| 157|0x0000000713a00000, 0x0000000713a00000, 0x0000000713c00000|  0%| F|  |TAMS 0x0000000713a00000| PB 0x0000000713a00000| Untracked 
| 158|0x0000000713c00000, 0x0000000713c00000, 0x0000000713e00000|  0%| F|  |TAMS 0x0000000713c00000| PB 0x0000000713c00000| Untracked 
| 159|0x0000000713e00000, 0x0000000713e00000, 0x0000000714000000|  0%| F|  |TAMS 0x0000000713e00000| PB 0x0000000713e00000| Untracked 
| 160|0x0000000714000000, 0x0000000714000000, 0x0000000714200000|  0%| F|  |TAMS 0x0000000714000000| PB 0x0000000714000000| Untracked 
| 161|0x0000000714200000, 0x0000000714200000, 0x0000000714400000|  0%| F|  |TAMS 0x0000000714200000| PB 0x0000000714200000| Untracked 
| 162|0x0000000714400000, 0x0000000714400000, 0x0000000714600000|  0%| F|  |TAMS 0x0000000714400000| PB 0x0000000714400000| Untracked 
| 163|0x0000000714600000, 0x0000000714600000, 0x0000000714800000|  0%| F|  |TAMS 0x0000000714600000| PB 0x0000000714600000| Untracked 
| 164|0x0000000714800000, 0x0000000714800000, 0x0000000714a00000|  0%| F|  |TAMS 0x0000000714800000| PB 0x0000000714800000| Untracked 
| 165|0x0000000714a00000, 0x0000000714a00000, 0x0000000714c00000|  0%| F|  |TAMS 0x0000000714a00000| PB 0x0000000714a00000| Untracked 
| 166|0x0000000714c00000, 0x0000000714c00000, 0x0000000714e00000|  0%| F|  |TAMS 0x0000000714c00000| PB 0x0000000714c00000| Untracked 
| 167|0x0000000714e00000, 0x0000000714e00000, 0x0000000715000000|  0%| F|  |TAMS 0x0000000714e00000| PB 0x0000000714e00000| Untracked 
| 168|0x0000000715000000, 0x0000000715000000, 0x0000000715200000|  0%| F|  |TAMS 0x0000000715000000| PB 0x0000000715000000| Untracked 
| 169|0x0000000715200000, 0x0000000715200000, 0x0000000715400000|  0%| F|  |TAMS 0x0000000715200000| PB 0x0000000715200000| Untracked 
| 170|0x0000000715400000, 0x0000000715400000, 0x0000000715600000|  0%| F|  |TAMS 0x0000000715400000| PB 0x0000000715400000| Untracked 
| 171|0x0000000715600000, 0x0000000715600000, 0x0000000715800000|  0%| F|  |TAMS 0x0000000715600000| PB 0x0000000715600000| Untracked 
| 172|0x0000000715800000, 0x0000000715800000, 0x0000000715a00000|  0%| F|  |TAMS 0x0000000715800000| PB 0x0000000715800000| Untracked 
| 173|0x0000000715a00000, 0x0000000715a00000, 0x0000000715c00000|  0%| F|  |TAMS 0x0000000715a00000| PB 0x0000000715a00000| Untracked 
| 174|0x0000000715c00000, 0x0000000715c00000, 0x0000000715e00000|  0%| F|  |TAMS 0x0000000715c00000| PB 0x0000000715c00000| Untracked 
| 175|0x0000000715e00000, 0x0000000715e00000, 0x0000000716000000|  0%| F|  |TAMS 0x0000000715e00000| PB 0x0000000715e00000| Untracked 
| 176|0x0000000716000000, 0x0000000716000000, 0x0000000716200000|  0%| F|  |TAMS 0x0000000716000000| PB 0x0000000716000000| Untracked 
| 177|0x0000000716200000, 0x0000000716200000, 0x0000000716400000|  0%| F|  |TAMS 0x0000000716200000| PB 0x0000000716200000| Untracked 
| 178|0x0000000716400000, 0x0000000716400000, 0x0000000716600000|  0%| F|  |TAMS 0x0000000716400000| PB 0x0000000716400000| Untracked 
| 179|0x0000000716600000, 0x0000000716600000, 0x0000000716800000|  0%| F|  |TAMS 0x0000000716600000| PB 0x0000000716600000| Untracked 
| 180|0x0000000716800000, 0x0000000716800000, 0x0000000716a00000|  0%| F|  |TAMS 0x0000000716800000| PB 0x0000000716800000| Untracked 
| 181|0x0000000716a00000, 0x0000000716a00000, 0x0000000716c00000|  0%| F|  |TAMS 0x0000000716a00000| PB 0x0000000716a00000| Untracked 
| 182|0x0000000716c00000, 0x0000000716c00000, 0x0000000716e00000|  0%| F|  |TAMS 0x0000000716c00000| PB 0x0000000716c00000| Untracked 
| 183|0x0000000716e00000, 0x0000000716e00000, 0x0000000717000000|  0%| F|  |TAMS 0x0000000716e00000| PB 0x0000000716e00000| Untracked 
| 184|0x0000000717000000, 0x0000000717000000, 0x0000000717200000|  0%| F|  |TAMS 0x0000000717000000| PB 0x0000000717000000| Untracked 
| 185|0x0000000717200000, 0x0000000717200000, 0x0000000717400000|  0%| F|  |TAMS 0x0000000717200000| PB 0x0000000717200000| Untracked 
| 186|0x0000000717400000, 0x0000000717400000, 0x0000000717600000|  0%| F|  |TAMS 0x0000000717400000| PB 0x0000000717400000| Untracked 
| 187|0x0000000717600000, 0x0000000717600000, 0x0000000717800000|  0%| F|  |TAMS 0x0000000717600000| PB 0x0000000717600000| Untracked 
| 188|0x0000000717800000, 0x0000000717800000, 0x0000000717a00000|  0%| F|  |TAMS 0x0000000717800000| PB 0x0000000717800000| Untracked 
| 189|0x0000000717a00000, 0x0000000717a00000, 0x0000000717c00000|  0%| F|  |TAMS 0x0000000717a00000| PB 0x0000000717a00000| Untracked 
| 190|0x0000000717c00000, 0x0000000717c00000, 0x0000000717e00000|  0%| F|  |TAMS 0x0000000717c00000| PB 0x0000000717c00000| Untracked 
| 191|0x0000000717e00000, 0x0000000717e00000, 0x0000000718000000|  0%| F|  |TAMS 0x0000000717e00000| PB 0x0000000717e00000| Untracked 
| 192|0x0000000718000000, 0x0000000718000000, 0x0000000718200000|  0%| F|  |TAMS 0x0000000718000000| PB 0x0000000718000000| Untracked 
| 193|0x0000000718200000, 0x0000000718200000, 0x0000000718400000|  0%| F|  |TAMS 0x0000000718200000| PB 0x0000000718200000| Untracked 
| 194|0x0000000718400000, 0x0000000718400000, 0x0000000718600000|  0%| F|  |TAMS 0x0000000718400000| PB 0x0000000718400000| Untracked 
| 195|0x0000000718600000, 0x0000000718600000, 0x0000000718800000|  0%| F|  |TAMS 0x0000000718600000| PB 0x0000000718600000| Untracked 
| 196|0x0000000718800000, 0x0000000718800000, 0x0000000718a00000|  0%| F|  |TAMS 0x0000000718800000| PB 0x0000000718800000| Untracked 
| 197|0x0000000718a00000, 0x0000000718a00000, 0x0000000718c00000|  0%| F|  |TAMS 0x0000000718a00000| PB 0x0000000718a00000| Untracked 
| 198|0x0000000718c00000, 0x0000000718c00000, 0x0000000718e00000|  0%| F|  |TAMS 0x0000000718c00000| PB 0x0000000718c00000| Untracked 
| 199|0x0000000718e00000, 0x0000000718e00000, 0x0000000719000000|  0%| F|  |TAMS 0x0000000718e00000| PB 0x0000000718e00000| Untracked 
| 200|0x0000000719000000, 0x0000000719000000, 0x0000000719200000|  0%| F|  |TAMS 0x0000000719000000| PB 0x0000000719000000| Untracked 
| 201|0x0000000719200000, 0x0000000719200000, 0x0000000719400000|  0%| F|  |TAMS 0x0000000719200000| PB 0x0000000719200000| Untracked 
| 202|0x0000000719400000, 0x0000000719400000, 0x0000000719600000|  0%| F|  |TAMS 0x0000000719400000| PB 0x0000000719400000| Untracked 
| 203|0x0000000719600000, 0x0000000719600000, 0x0000000719800000|  0%| F|  |TAMS 0x0000000719600000| PB 0x0000000719600000| Untracked 
| 204|0x0000000719800000, 0x0000000719800000, 0x0000000719a00000|  0%| F|  |TAMS 0x0000000719800000| PB 0x0000000719800000| Untracked 
| 205|0x0000000719a00000, 0x0000000719a00000, 0x0000000719c00000|  0%| F|  |TAMS 0x0000000719a00000| PB 0x0000000719a00000| Untracked 
| 206|0x0000000719c00000, 0x0000000719c00000, 0x0000000719e00000|  0%| F|  |TAMS 0x0000000719c00000| PB 0x0000000719c00000| Untracked 
| 207|0x0000000719e00000, 0x0000000719e00000, 0x000000071a000000|  0%| F|  |TAMS 0x0000000719e00000| PB 0x0000000719e00000| Untracked 
| 208|0x000000071a000000, 0x000000071a000000, 0x000000071a200000|  0%| F|  |TAMS 0x000000071a000000| PB 0x000000071a000000| Untracked 
| 209|0x000000071a200000, 0x000000071a200000, 0x000000071a400000|  0%| F|  |TAMS 0x000000071a200000| PB 0x000000071a200000| Untracked 
| 210|0x000000071a400000, 0x000000071a400000, 0x000000071a600000|  0%| F|  |TAMS 0x000000071a400000| PB 0x000000071a400000| Untracked 
| 211|0x000000071a600000, 0x000000071a600000, 0x000000071a800000|  0%| F|  |TAMS 0x000000071a600000| PB 0x000000071a600000| Untracked 
| 212|0x000000071a800000, 0x000000071a800000, 0x000000071aa00000|  0%| F|  |TAMS 0x000000071a800000| PB 0x000000071a800000| Untracked 
| 213|0x000000071aa00000, 0x000000071aa00000, 0x000000071ac00000|  0%| F|  |TAMS 0x000000071aa00000| PB 0x000000071aa00000| Untracked 
| 214|0x000000071ac00000, 0x000000071ac00000, 0x000000071ae00000|  0%| F|  |TAMS 0x000000071ac00000| PB 0x000000071ac00000| Untracked 
| 215|0x000000071ae00000, 0x000000071ae00000, 0x000000071b000000|  0%| F|  |TAMS 0x000000071ae00000| PB 0x000000071ae00000| Untracked 
| 216|0x000000071b000000, 0x000000071b000000, 0x000000071b200000|  0%| F|  |TAMS 0x000000071b000000| PB 0x000000071b000000| Untracked 
| 217|0x000000071b200000, 0x000000071b200000, 0x000000071b400000|  0%| F|  |TAMS 0x000000071b200000| PB 0x000000071b200000| Untracked 
| 218|0x000000071b400000, 0x000000071b400000, 0x000000071b600000|  0%| F|  |TAMS 0x000000071b400000| PB 0x000000071b400000| Untracked 
| 219|0x000000071b600000, 0x000000071b600000, 0x000000071b800000|  0%| F|  |TAMS 0x000000071b600000| PB 0x000000071b600000| Untracked 
| 220|0x000000071b800000, 0x000000071b800000, 0x000000071ba00000|  0%| F|  |TAMS 0x000000071b800000| PB 0x000000071b800000| Untracked 
| 221|0x000000071ba00000, 0x000000071ba00000, 0x000000071bc00000|  0%| F|  |TAMS 0x000000071ba00000| PB 0x000000071ba00000| Untracked 
| 222|0x000000071bc00000, 0x000000071bc00000, 0x000000071be00000|  0%| F|  |TAMS 0x000000071bc00000| PB 0x000000071bc00000| Untracked 
| 223|0x000000071be00000, 0x000000071be00000, 0x000000071c000000|  0%| F|  |TAMS 0x000000071be00000| PB 0x000000071be00000| Untracked 
| 224|0x000000071c000000, 0x000000071c000000, 0x000000071c200000|  0%| F|  |TAMS 0x000000071c000000| PB 0x000000071c000000| Untracked 
| 225|0x000000071c200000, 0x000000071c200000, 0x000000071c400000|  0%| F|  |TAMS 0x000000071c200000| PB 0x000000071c200000| Untracked 
| 226|0x000000071c400000, 0x000000071c400000, 0x000000071c600000|  0%| F|  |TAMS 0x000000071c400000| PB 0x000000071c400000| Untracked 
| 227|0x000000071c600000, 0x000000071c600000, 0x000000071c800000|  0%| F|  |TAMS 0x000000071c600000| PB 0x000000071c600000| Untracked 
| 228|0x000000071c800000, 0x000000071c800000, 0x000000071ca00000|  0%| F|  |TAMS 0x000000071c800000| PB 0x000000071c800000| Untracked 
| 229|0x000000071ca00000, 0x000000071ca00000, 0x000000071cc00000|  0%| F|  |TAMS 0x000000071ca00000| PB 0x000000071ca00000| Untracked 
| 230|0x000000071cc00000, 0x000000071cc00000, 0x000000071ce00000|  0%| F|  |TAMS 0x000000071cc00000| PB 0x000000071cc00000| Untracked 
| 231|0x000000071ce00000, 0x000000071ce00000, 0x000000071d000000|  0%| F|  |TAMS 0x000000071ce00000| PB 0x000000071ce00000| Untracked 
| 232|0x000000071d000000, 0x000000071d000000, 0x000000071d200000|  0%| F|  |TAMS 0x000000071d000000| PB 0x000000071d000000| Untracked 
| 233|0x000000071d200000, 0x000000071d200000, 0x000000071d400000|  0%| F|  |TAMS 0x000000071d200000| PB 0x000000071d200000| Untracked 
| 234|0x000000071d400000, 0x000000071d400000, 0x000000071d600000|  0%| F|  |TAMS 0x000000071d400000| PB 0x000000071d400000| Untracked 
| 235|0x000000071d600000, 0x000000071d600000, 0x000000071d800000|  0%| F|  |TAMS 0x000000071d600000| PB 0x000000071d600000| Untracked 
| 236|0x000000071d800000, 0x000000071d800000, 0x000000071da00000|  0%| F|  |TAMS 0x000000071d800000| PB 0x000000071d800000| Untracked 
| 237|0x000000071da00000, 0x000000071da00000, 0x000000071dc00000|  0%| F|  |TAMS 0x000000071da00000| PB 0x000000071da00000| Untracked 
| 238|0x000000071dc00000, 0x000000071dc00000, 0x000000071de00000|  0%| F|  |TAMS 0x000000071dc00000| PB 0x000000071dc00000| Untracked 
| 239|0x000000071de00000, 0x000000071de00000, 0x000000071e000000|  0%| F|  |TAMS 0x000000071de00000| PB 0x000000071de00000| Untracked 
| 240|0x000000071e000000, 0x000000071e000000, 0x000000071e200000|  0%| F|  |TAMS 0x000000071e000000| PB 0x000000071e000000| Untracked 
| 241|0x000000071e200000, 0x000000071e200000, 0x000000071e400000|  0%| F|  |TAMS 0x000000071e200000| PB 0x000000071e200000| Untracked 
| 242|0x000000071e400000, 0x000000071e400000, 0x000000071e600000|  0%| F|  |TAMS 0x000000071e400000| PB 0x000000071e400000| Untracked 
| 243|0x000000071e600000, 0x000000071e600000, 0x000000071e800000|  0%| F|  |TAMS 0x000000071e600000| PB 0x000000071e600000| Untracked 
| 244|0x000000071e800000, 0x000000071e800000, 0x000000071ea00000|  0%| F|  |TAMS 0x000000071e800000| PB 0x000000071e800000| Untracked 
| 245|0x000000071ea00000, 0x000000071ea00000, 0x000000071ec00000|  0%| F|  |TAMS 0x000000071ea00000| PB 0x000000071ea00000| Untracked 
| 246|0x000000071ec00000, 0x000000071ec00000, 0x000000071ee00000|  0%| F|  |TAMS 0x000000071ec00000| PB 0x000000071ec00000| Untracked 
| 247|0x000000071ee00000, 0x000000071ee00000, 0x000000071f000000|  0%| F|  |TAMS 0x000000071ee00000| PB 0x000000071ee00000| Untracked 
| 248|0x000000071f000000, 0x000000071f000000, 0x000000071f200000|  0%| F|  |TAMS 0x000000071f000000| PB 0x000000071f000000| Untracked 
| 249|0x000000071f200000, 0x000000071f200000, 0x000000071f400000|  0%| F|  |TAMS 0x000000071f200000| PB 0x000000071f200000| Untracked 
| 250|0x000000071f400000, 0x000000071f400000, 0x000000071f600000|  0%| F|  |TAMS 0x000000071f400000| PB 0x000000071f400000| Untracked 
| 251|0x000000071f600000, 0x000000071f600000, 0x000000071f800000|  0%| F|  |TAMS 0x000000071f600000| PB 0x000000071f600000| Untracked 
| 252|0x000000071f800000, 0x000000071f800000, 0x000000071fa00000|  0%| F|  |TAMS 0x000000071f800000| PB 0x000000071f800000| Untracked 
| 253|0x000000071fa00000, 0x000000071fa00000, 0x000000071fc00000|  0%| F|  |TAMS 0x000000071fa00000| PB 0x000000071fa00000| Untracked 
| 254|0x000000071fc00000, 0x000000071fc00000, 0x000000071fe00000|  0%| F|  |TAMS 0x000000071fc00000| PB 0x000000071fc00000| Untracked 
| 255|0x000000071fe00000, 0x000000071fe00000, 0x0000000720000000|  0%| F|  |TAMS 0x000000071fe00000| PB 0x000000071fe00000| Untracked 
| 256|0x0000000720000000, 0x0000000720000000, 0x0000000720200000|  0%| F|  |TAMS 0x0000000720000000| PB 0x0000000720000000| Untracked 
| 257|0x0000000720200000, 0x0000000720200000, 0x0000000720400000|  0%| F|  |TAMS 0x0000000720200000| PB 0x0000000720200000| Untracked 
| 258|0x0000000720400000, 0x0000000720400000, 0x0000000720600000|  0%| F|  |TAMS 0x0000000720400000| PB 0x0000000720400000| Untracked 
| 259|0x0000000720600000, 0x0000000720600000, 0x0000000720800000|  0%| F|  |TAMS 0x0000000720600000| PB 0x0000000720600000| Untracked 
| 260|0x0000000720800000, 0x0000000720800000, 0x0000000720a00000|  0%| F|  |TAMS 0x0000000720800000| PB 0x0000000720800000| Untracked 
| 261|0x0000000720a00000, 0x0000000720a00000, 0x0000000720c00000|  0%| F|  |TAMS 0x0000000720a00000| PB 0x0000000720a00000| Untracked 
| 262|0x0000000720c00000, 0x0000000720c00000, 0x0000000720e00000|  0%| F|  |TAMS 0x0000000720c00000| PB 0x0000000720c00000| Untracked 
| 263|0x0000000720e00000, 0x0000000720e00000, 0x0000000721000000|  0%| F|  |TAMS 0x0000000720e00000| PB 0x0000000720e00000| Untracked 
| 264|0x0000000721000000, 0x0000000721000000, 0x0000000721200000|  0%| F|  |TAMS 0x0000000721000000| PB 0x0000000721000000| Untracked 
| 265|0x0000000721200000, 0x0000000721200000, 0x0000000721400000|  0%| F|  |TAMS 0x0000000721200000| PB 0x0000000721200000| Untracked 
| 266|0x0000000721400000, 0x0000000721400000, 0x0000000721600000|  0%| F|  |TAMS 0x0000000721400000| PB 0x0000000721400000| Untracked 
| 267|0x0000000721600000, 0x0000000721600000, 0x0000000721800000|  0%| F|  |TAMS 0x0000000721600000| PB 0x0000000721600000| Untracked 
| 268|0x0000000721800000, 0x0000000721800000, 0x0000000721a00000|  0%| F|  |TAMS 0x0000000721800000| PB 0x0000000721800000| Untracked 
| 269|0x0000000721a00000, 0x0000000721a00000, 0x0000000721c00000|  0%| F|  |TAMS 0x0000000721a00000| PB 0x0000000721a00000| Untracked 
| 270|0x0000000721c00000, 0x0000000721c00000, 0x0000000721e00000|  0%| F|  |TAMS 0x0000000721c00000| PB 0x0000000721c00000| Untracked 
| 271|0x0000000721e00000, 0x0000000721e00000, 0x0000000722000000|  0%| F|  |TAMS 0x0000000721e00000| PB 0x0000000721e00000| Untracked 
| 272|0x0000000722000000, 0x0000000722000000, 0x0000000722200000|  0%| F|  |TAMS 0x0000000722000000| PB 0x0000000722000000| Untracked 
| 273|0x0000000722200000, 0x0000000722200000, 0x0000000722400000|  0%| F|  |TAMS 0x0000000722200000| PB 0x0000000722200000| Untracked 
| 274|0x0000000722400000, 0x0000000722400000, 0x0000000722600000|  0%| F|  |TAMS 0x0000000722400000| PB 0x0000000722400000| Untracked 
| 275|0x0000000722600000, 0x0000000722600000, 0x0000000722800000|  0%| F|  |TAMS 0x0000000722600000| PB 0x0000000722600000| Untracked 
| 276|0x0000000722800000, 0x0000000722800000, 0x0000000722a00000|  0%| F|  |TAMS 0x0000000722800000| PB 0x0000000722800000| Untracked 
| 277|0x0000000722a00000, 0x0000000722a00000, 0x0000000722c00000|  0%| F|  |TAMS 0x0000000722a00000| PB 0x0000000722a00000| Untracked 
| 278|0x0000000722c00000, 0x0000000722c00000, 0x0000000722e00000|  0%| F|  |TAMS 0x0000000722c00000| PB 0x0000000722c00000| Untracked 
| 279|0x0000000722e00000, 0x0000000722e00000, 0x0000000723000000|  0%| F|  |TAMS 0x0000000722e00000| PB 0x0000000722e00000| Untracked 
| 280|0x0000000723000000, 0x0000000723000000, 0x0000000723200000|  0%| F|  |TAMS 0x0000000723000000| PB 0x0000000723000000| Untracked 
| 281|0x0000000723200000, 0x0000000723200000, 0x0000000723400000|  0%| F|  |TAMS 0x0000000723200000| PB 0x0000000723200000| Untracked 
| 282|0x0000000723400000, 0x0000000723400000, 0x0000000723600000|  0%| F|  |TAMS 0x0000000723400000| PB 0x0000000723400000| Untracked 
| 283|0x0000000723600000, 0x0000000723600000, 0x0000000723800000|  0%| F|  |TAMS 0x0000000723600000| PB 0x0000000723600000| Untracked 
| 284|0x0000000723800000, 0x0000000723800000, 0x0000000723a00000|  0%| F|  |TAMS 0x0000000723800000| PB 0x0000000723800000| Untracked 
| 285|0x0000000723a00000, 0x0000000723a00000, 0x0000000723c00000|  0%| F|  |TAMS 0x0000000723a00000| PB 0x0000000723a00000| Untracked 
| 286|0x0000000723c00000, 0x0000000723c00000, 0x0000000723e00000|  0%| F|  |TAMS 0x0000000723c00000| PB 0x0000000723c00000| Untracked 
| 287|0x0000000723e00000, 0x0000000723e00000, 0x0000000724000000|  0%| F|  |TAMS 0x0000000723e00000| PB 0x0000000723e00000| Untracked 
| 288|0x0000000724000000, 0x0000000724000000, 0x0000000724200000|  0%| F|  |TAMS 0x0000000724000000| PB 0x0000000724000000| Untracked 
| 289|0x0000000724200000, 0x0000000724200000, 0x0000000724400000|  0%| F|  |TAMS 0x0000000724200000| PB 0x0000000724200000| Untracked 
| 290|0x0000000724400000, 0x0000000724400000, 0x0000000724600000|  0%| F|  |TAMS 0x0000000724400000| PB 0x0000000724400000| Untracked 
| 291|0x0000000724600000, 0x0000000724600000, 0x0000000724800000|  0%| F|  |TAMS 0x0000000724600000| PB 0x0000000724600000| Untracked 
| 292|0x0000000724800000, 0x0000000724800000, 0x0000000724a00000|  0%| F|  |TAMS 0x0000000724800000| PB 0x0000000724800000| Untracked 
| 293|0x0000000724a00000, 0x0000000724a00000, 0x0000000724c00000|  0%| F|  |TAMS 0x0000000724a00000| PB 0x0000000724a00000| Untracked 
| 294|0x0000000724c00000, 0x0000000724c00000, 0x0000000724e00000|  0%| F|  |TAMS 0x0000000724c00000| PB 0x0000000724c00000| Untracked 
| 295|0x0000000724e00000, 0x0000000724e00000, 0x0000000725000000|  0%| F|  |TAMS 0x0000000724e00000| PB 0x0000000724e00000| Untracked 
| 296|0x0000000725000000, 0x0000000725000000, 0x0000000725200000|  0%| F|  |TAMS 0x0000000725000000| PB 0x0000000725000000| Untracked 
| 297|0x0000000725200000, 0x0000000725200000, 0x0000000725400000|  0%| F|  |TAMS 0x0000000725200000| PB 0x0000000725200000| Untracked 
| 298|0x0000000725400000, 0x0000000725400000, 0x0000000725600000|  0%| F|  |TAMS 0x0000000725400000| PB 0x0000000725400000| Untracked 
| 299|0x0000000725600000, 0x0000000725600000, 0x0000000725800000|  0%| F|  |TAMS 0x0000000725600000| PB 0x0000000725600000| Untracked 
| 300|0x0000000725800000, 0x0000000725800000, 0x0000000725a00000|  0%| F|  |TAMS 0x0000000725800000| PB 0x0000000725800000| Untracked 
| 301|0x0000000725a00000, 0x0000000725a00000, 0x0000000725c00000|  0%| F|  |TAMS 0x0000000725a00000| PB 0x0000000725a00000| Untracked 
| 302|0x0000000725c00000, 0x0000000725c00000, 0x0000000725e00000|  0%| F|  |TAMS 0x0000000725c00000| PB 0x0000000725c00000| Untracked 
| 303|0x0000000725e00000, 0x0000000725e00000, 0x0000000726000000|  0%| F|  |TAMS 0x0000000725e00000| PB 0x0000000725e00000| Untracked 
| 304|0x0000000726000000, 0x0000000726000000, 0x0000000726200000|  0%| F|  |TAMS 0x0000000726000000| PB 0x0000000726000000| Untracked 
| 305|0x0000000726200000, 0x0000000726200000, 0x0000000726400000|  0%| F|  |TAMS 0x0000000726200000| PB 0x0000000726200000| Untracked 
| 306|0x0000000726400000, 0x0000000726400000, 0x0000000726600000|  0%| F|  |TAMS 0x0000000726400000| PB 0x0000000726400000| Untracked 
| 307|0x0000000726600000, 0x0000000726600000, 0x0000000726800000|  0%| F|  |TAMS 0x0000000726600000| PB 0x0000000726600000| Untracked 
| 308|0x0000000726800000, 0x0000000726800000, 0x0000000726a00000|  0%| F|  |TAMS 0x0000000726800000| PB 0x0000000726800000| Untracked 
| 309|0x0000000726a00000, 0x0000000726a00000, 0x0000000726c00000|  0%| F|  |TAMS 0x0000000726a00000| PB 0x0000000726a00000| Untracked 
| 310|0x0000000726c00000, 0x0000000726c00000, 0x0000000726e00000|  0%| F|  |TAMS 0x0000000726c00000| PB 0x0000000726c00000| Untracked 
| 311|0x0000000726e00000, 0x0000000726e00000, 0x0000000727000000|  0%| F|  |TAMS 0x0000000726e00000| PB 0x0000000726e00000| Untracked 
| 312|0x0000000727000000, 0x0000000727000000, 0x0000000727200000|  0%| F|  |TAMS 0x0000000727000000| PB 0x0000000727000000| Untracked 
| 313|0x0000000727200000, 0x0000000727200000, 0x0000000727400000|  0%| F|  |TAMS 0x0000000727200000| PB 0x0000000727200000| Untracked 
| 314|0x0000000727400000, 0x0000000727400000, 0x0000000727600000|  0%| F|  |TAMS 0x0000000727400000| PB 0x0000000727400000| Untracked 
| 315|0x0000000727600000, 0x0000000727600000, 0x0000000727800000|  0%| F|  |TAMS 0x0000000727600000| PB 0x0000000727600000| Untracked 
| 316|0x0000000727800000, 0x0000000727800000, 0x0000000727a00000|  0%| F|  |TAMS 0x0000000727800000| PB 0x0000000727800000| Untracked 
| 317|0x0000000727a00000, 0x0000000727a00000, 0x0000000727c00000|  0%| F|  |TAMS 0x0000000727a00000| PB 0x0000000727a00000| Untracked 
| 318|0x0000000727c00000, 0x0000000727c00000, 0x0000000727e00000|  0%| F|  |TAMS 0x0000000727c00000| PB 0x0000000727c00000| Untracked 
| 319|0x0000000727e00000, 0x0000000727e00000, 0x0000000728000000|  0%| F|  |TAMS 0x0000000727e00000| PB 0x0000000727e00000| Untracked 
| 320|0x0000000728000000, 0x0000000728000000, 0x0000000728200000|  0%| F|  |TAMS 0x0000000728000000| PB 0x0000000728000000| Untracked 
| 321|0x0000000728200000, 0x0000000728200000, 0x0000000728400000|  0%| F|  |TAMS 0x0000000728200000| PB 0x0000000728200000| Untracked 
| 322|0x0000000728400000, 0x0000000728400000, 0x0000000728600000|  0%| F|  |TAMS 0x0000000728400000| PB 0x0000000728400000| Untracked 
| 323|0x0000000728600000, 0x0000000728600000, 0x0000000728800000|  0%| F|  |TAMS 0x0000000728600000| PB 0x0000000728600000| Untracked 
| 324|0x0000000728800000, 0x0000000728800000, 0x0000000728a00000|  0%| F|  |TAMS 0x0000000728800000| PB 0x0000000728800000| Untracked 
| 325|0x0000000728a00000, 0x0000000728a00000, 0x0000000728c00000|  0%| F|  |TAMS 0x0000000728a00000| PB 0x0000000728a00000| Untracked 
| 326|0x0000000728c00000, 0x0000000728c00000, 0x0000000728e00000|  0%| F|  |TAMS 0x0000000728c00000| PB 0x0000000728c00000| Untracked 
| 327|0x0000000728e00000, 0x0000000728e00000, 0x0000000729000000|  0%| F|  |TAMS 0x0000000728e00000| PB 0x0000000728e00000| Untracked 
| 328|0x0000000729000000, 0x0000000729000000, 0x0000000729200000|  0%| F|  |TAMS 0x0000000729000000| PB 0x0000000729000000| Untracked 
| 329|0x0000000729200000, 0x0000000729200000, 0x0000000729400000|  0%| F|  |TAMS 0x0000000729200000| PB 0x0000000729200000| Untracked 
| 330|0x0000000729400000, 0x0000000729400000, 0x0000000729600000|  0%| F|  |TAMS 0x0000000729400000| PB 0x0000000729400000| Untracked 
| 331|0x0000000729600000, 0x0000000729600000, 0x0000000729800000|  0%| F|  |TAMS 0x0000000729600000| PB 0x0000000729600000| Untracked 
| 332|0x0000000729800000, 0x0000000729800000, 0x0000000729a00000|  0%| F|  |TAMS 0x0000000729800000| PB 0x0000000729800000| Untracked 
| 333|0x0000000729a00000, 0x0000000729a00000, 0x0000000729c00000|  0%| F|  |TAMS 0x0000000729a00000| PB 0x0000000729a00000| Untracked 
| 334|0x0000000729c00000, 0x0000000729c00000, 0x0000000729e00000|  0%| F|  |TAMS 0x0000000729c00000| PB 0x0000000729c00000| Untracked 
| 335|0x0000000729e00000, 0x0000000729e00000, 0x000000072a000000|  0%| F|  |TAMS 0x0000000729e00000| PB 0x0000000729e00000| Untracked 
| 336|0x000000072a000000, 0x000000072a000000, 0x000000072a200000|  0%| F|  |TAMS 0x000000072a000000| PB 0x000000072a000000| Untracked 
| 337|0x000000072a200000, 0x000000072a200000, 0x000000072a400000|  0%| F|  |TAMS 0x000000072a200000| PB 0x000000072a200000| Untracked 
| 338|0x000000072a400000, 0x000000072a400000, 0x000000072a600000|  0%| F|  |TAMS 0x000000072a400000| PB 0x000000072a400000| Untracked 
| 339|0x000000072a600000, 0x000000072a600000, 0x000000072a800000|  0%| F|  |TAMS 0x000000072a600000| PB 0x000000072a600000| Untracked 
| 340|0x000000072a800000, 0x000000072a800000, 0x000000072aa00000|  0%| F|  |TAMS 0x000000072a800000| PB 0x000000072a800000| Untracked 
| 341|0x000000072aa00000, 0x000000072aa00000, 0x000000072ac00000|  0%| F|  |TAMS 0x000000072aa00000| PB 0x000000072aa00000| Untracked 
| 342|0x000000072ac00000, 0x000000072ac00000, 0x000000072ae00000|  0%| F|  |TAMS 0x000000072ac00000| PB 0x000000072ac00000| Untracked 
| 343|0x000000072ae00000, 0x000000072ae00000, 0x000000072b000000|  0%| F|  |TAMS 0x000000072ae00000| PB 0x000000072ae00000| Untracked 
| 344|0x000000072b000000, 0x000000072b000000, 0x000000072b200000|  0%| F|  |TAMS 0x000000072b000000| PB 0x000000072b000000| Untracked 
| 345|0x000000072b200000, 0x000000072b200000, 0x000000072b400000|  0%| F|  |TAMS 0x000000072b200000| PB 0x000000072b200000| Untracked 
| 346|0x000000072b400000, 0x000000072b400000, 0x000000072b600000|  0%| F|  |TAMS 0x000000072b400000| PB 0x000000072b400000| Untracked 
| 347|0x000000072b600000, 0x000000072b600000, 0x000000072b800000|  0%| F|  |TAMS 0x000000072b600000| PB 0x000000072b600000| Untracked 
| 348|0x000000072b800000, 0x000000072b800000, 0x000000072ba00000|  0%| F|  |TAMS 0x000000072b800000| PB 0x000000072b800000| Untracked 
| 349|0x000000072ba00000, 0x000000072ba00000, 0x000000072bc00000|  0%| F|  |TAMS 0x000000072ba00000| PB 0x000000072ba00000| Untracked 
| 350|0x000000072bc00000, 0x000000072bc00000, 0x000000072be00000|  0%| F|  |TAMS 0x000000072bc00000| PB 0x000000072bc00000| Untracked 
| 351|0x000000072be00000, 0x000000072be00000, 0x000000072c000000|  0%| F|  |TAMS 0x000000072be00000| PB 0x000000072be00000| Untracked 
| 352|0x000000072c000000, 0x000000072c000000, 0x000000072c200000|  0%| F|  |TAMS 0x000000072c000000| PB 0x000000072c000000| Untracked 
| 353|0x000000072c200000, 0x000000072c200000, 0x000000072c400000|  0%| F|  |TAMS 0x000000072c200000| PB 0x000000072c200000| Untracked 
| 354|0x000000072c400000, 0x000000072c400000, 0x000000072c600000|  0%| F|  |TAMS 0x000000072c400000| PB 0x000000072c400000| Untracked 
| 355|0x000000072c600000, 0x000000072c600000, 0x000000072c800000|  0%| F|  |TAMS 0x000000072c600000| PB 0x000000072c600000| Untracked 
| 356|0x000000072c800000, 0x000000072c800000, 0x000000072ca00000|  0%| F|  |TAMS 0x000000072c800000| PB 0x000000072c800000| Untracked 
| 357|0x000000072ca00000, 0x000000072ca00000, 0x000000072cc00000|  0%| F|  |TAMS 0x000000072ca00000| PB 0x000000072ca00000| Untracked 
| 358|0x000000072cc00000, 0x000000072cce4020, 0x000000072ce00000| 44%| S|CS|TAMS 0x000000072cc00000| PB 0x000000072cc00000| Complete 
| 359|0x000000072ce00000, 0x000000072d000000, 0x000000072d000000|100%| S|CS|TAMS 0x000000072ce00000| PB 0x000000072ce00000| Complete 
| 360|0x000000072d000000, 0x000000072d000000, 0x000000072d200000|  0%| F|  |TAMS 0x000000072d000000| PB 0x000000072d000000| Untracked 
| 361|0x000000072d200000, 0x000000072d200000, 0x000000072d400000|  0%| F|  |TAMS 0x000000072d200000| PB 0x000000072d200000| Untracked 
| 362|0x000000072d400000, 0x000000072d400000, 0x000000072d600000|  0%| F|  |TAMS 0x000000072d400000| PB 0x000000072d400000| Untracked 
| 363|0x000000072d600000, 0x000000072d600000, 0x000000072d800000|  0%| F|  |TAMS 0x000000072d600000| PB 0x000000072d600000| Untracked 
| 364|0x000000072d800000, 0x000000072d800000, 0x000000072da00000|  0%| F|  |TAMS 0x000000072d800000| PB 0x000000072d800000| Untracked 
| 365|0x000000072da00000, 0x000000072da00000, 0x000000072dc00000|  0%| F|  |TAMS 0x000000072da00000| PB 0x000000072da00000| Untracked 
| 366|0x000000072dc00000, 0x000000072dc00000, 0x000000072de00000|  0%| F|  |TAMS 0x000000072dc00000| PB 0x000000072dc00000| Untracked 
| 367|0x000000072de00000, 0x000000072de00000, 0x000000072e000000|  0%| F|  |TAMS 0x000000072de00000| PB 0x000000072de00000| Untracked 
| 368|0x000000072e000000, 0x000000072e000000, 0x000000072e200000|  0%| F|  |TAMS 0x000000072e000000| PB 0x000000072e000000| Untracked 
| 369|0x000000072e200000, 0x000000072e200000, 0x000000072e400000|  0%| F|  |TAMS 0x000000072e200000| PB 0x000000072e200000| Untracked 
| 370|0x000000072e400000, 0x000000072e400000, 0x000000072e600000|  0%| F|  |TAMS 0x000000072e400000| PB 0x000000072e400000| Untracked 
| 371|0x000000072e600000, 0x000000072e600000, 0x000000072e800000|  0%| F|  |TAMS 0x000000072e600000| PB 0x000000072e600000| Untracked 
| 372|0x000000072e800000, 0x000000072e800000, 0x000000072ea00000|  0%| F|  |TAMS 0x000000072e800000| PB 0x000000072e800000| Untracked 
| 373|0x000000072ea00000, 0x000000072ea00000, 0x000000072ec00000|  0%| F|  |TAMS 0x000000072ea00000| PB 0x000000072ea00000| Untracked 
| 374|0x000000072ec00000, 0x000000072ec00000, 0x000000072ee00000|  0%| F|  |TAMS 0x000000072ec00000| PB 0x000000072ec00000| Untracked 
| 375|0x000000072ee00000, 0x000000072ee00000, 0x000000072f000000|  0%| F|  |TAMS 0x000000072ee00000| PB 0x000000072ee00000| Untracked 
| 376|0x000000072f000000, 0x000000072f000000, 0x000000072f200000|  0%| F|  |TAMS 0x000000072f000000| PB 0x000000072f000000| Untracked 
| 377|0x000000072f200000, 0x000000072f200000, 0x000000072f400000|  0%| F|  |TAMS 0x000000072f200000| PB 0x000000072f200000| Untracked 

Card table byte_map: [0x00000299a21e0000,0x00000299a29e0000] _byte_map_base: 0x000002999e9e0000

Marking Bits: (CMBitMap*) 0x000002998a367760
 Bits: [0x00000299a29e0000, 0x00000299a69e0000)

Polling page: 0x0000029988290000

Metaspace:

Usage:
  Non-class:    145.72 MB used.
      Class:     21.09 MB used.
       Both:    166.81 MB used.

Virtual space:
  Non-class space:      192.00 MB reserved,     149.50 MB ( 78%) committed,  3 nodes.
      Class space:        1.00 GB reserved,      23.19 MB (  2%) committed,  1 nodes.
             Both:        1.19 GB reserved,     172.69 MB ( 14%) committed. 

Chunk freelists:
   Non-Class:  13.40 MB
       Class:  10.07 MB
        Both:  23.48 MB

MaxMetaspaceSize: 2.00 GB
CompressedClassSpaceSize: 1.00 GB
Initial GC threshold: 21.00 MB
Current GC threshold: 287.81 MB
CDS: on
 - commit_granule_bytes: 65536.
 - commit_granule_words: 8192.
 - virtual_space_node_default_size: 8388608.
 - enlarge_chunks_in_place: 1.
 - use_allocation_guard: 0.


Internal statistics:

num_allocs_failed_limit: 3.
num_arena_births: 4942.
num_arena_deaths: 2582.
num_vsnodes_births: 4.
num_vsnodes_deaths: 0.
num_space_committed: 2761.
num_space_uncommitted: 0.
num_chunks_returned_to_freelist: 2994.
num_chunks_taken_from_freelist: 12092.
num_chunk_merges: 1111.
num_chunk_splits: 8508.
num_chunks_enlarged: 6108.
num_inconsistent_stats: 0.

CodeHeap 'non-profiled nmethods': size=120000Kb used=14173Kb max_used=16720Kb free=105826Kb
 bounds [0x000002999a4b0000, 0x000002999b510000, 0x00000299a19e0000]
CodeHeap 'profiled nmethods': size=120000Kb used=54899Kb max_used=61832Kb free=65100Kb
 bounds [0x00000299929e0000, 0x0000029996650000, 0x0000029999f10000]
CodeHeap 'non-nmethods': size=5760Kb used=3225Kb max_used=3288Kb free=2534Kb
 bounds [0x0000029999f10000, 0x000002999a260000, 0x000002999a4b0000]
 total_blobs=22736 nmethods=21506 adapters=1131
 compilation: enabled
              stopped_count=0, restarted_count=0
 full_count=0

Compilation events (20 events):
Event: 4070.853 Thread 0x00000299a8e63420 nmethod 27036 0x000002999a4bd910 code [0x000002999a4bdae0, 0x000002999a4bde50]
Event: 4070.854 Thread 0x00000299a8e63420 27037       4       org.gradle.internal.operations.DefaultBuildOperationRunner$BuildOperationTrackingListener::close (42 bytes)
Event: 4070.978 Thread 0x00000299a8e63420 nmethod 27037 0x000002999a61d990 code [0x000002999a61dbe0, 0x000002999a61e650]
Event: 4071.396 Thread 0x00000299a8ec7400 27038       3       org.gradle.internal.action.DefaultConfigurableRule::of (12 bytes)
Event: 4071.405 Thread 0x00000299a8ec7400 nmethod 27038 0x0000029992a89590 code [0x0000029992a89780, 0x0000029992a89be0]
Event: 4072.215 Thread 0x00000299a8ec7400 27039       3       java.nio.ByteBuffer::put (69 bytes)
Event: 4072.313 Thread 0x00000299a8ec7400 nmethod 27039 0x0000029992a9cd10 code [0x0000029992a9cf40, 0x0000029992a9d658]
Event: 4074.105 Thread 0x00000299a8ec7400 27041       3       org.codehaus.groovy.control.CompilationUnit::recordPhaseOpsInAllOtherPhases (63 bytes)
Event: 4074.107 Thread 0x00000299a8ec7400 nmethod 27041 0x0000029992a64e10 code [0x0000029992a65000, 0x0000029992a65588]
Event: 4074.582 Thread 0x00000299a8ec7400 27042   !   3       org.apache.groovy.parser.antlr4.GroovyParser::firstArgumentListElement (183 bytes)
Event: 4074.624 Thread 0x00000299a8ec7400 nmethod 27042 0x0000029992c9c710 code [0x0000029992c9c9c0, 0x0000029992c9d9f0]
Event: 4074.674 Thread 0x00000299a8e63420 27043       4       java.util.HashMap$TreeNode::rotateLeft (91 bytes)
Event: 4074.692 Thread 0x00000299a8e63420 nmethod 27043 0x000002999a5b6290 code [0x000002999a5b6440, 0x000002999a5b6b60]
Event: 4074.692 Thread 0x00000299a8e63420 27044       4       java.util.TimSort::gallopRight (335 bytes)
Event: 4074.984 Thread 0x00000299a8e63420 nmethod 27044 0x000002999a6a2d10 code [0x000002999a6a2fc0, 0x000002999a6a4340]
Event: 4074.985 Thread 0x00000299a8e63420 27045       4       java.util.HashMap$TreeNode::rotateRight (91 bytes)
Event: 4074.999 Thread 0x00000299a8e63420 nmethod 27045 0x000002999a651a90 code [0x000002999a651c40, 0x000002999a652360]
Event: 4075.639 Thread 0x00000299a8e63420 27046       4       groovyjarjarantlr4.v4.runtime.ParserRuleContext::copyFrom (104 bytes)
Event: 4075.647 Thread 0x00000299a8e63420 nmethod 27046 0x000002999a4e0590 code [0x000002999a4e0720, 0x000002999a4e0ab0]
Event: 4075.697 Thread 0x00000299a8e63420 27047       4       groovyjarjarantlr4.v4.runtime.atn.ParserATNSimulator::computeStartState (710 bytes)

GC Heap History (20 events):
Event: 3586.386 GC heap after
{Heap after GC invocations=99 (full 0):
 garbage-first heap   total 774144K, used 275122K [0x0000000700000000, 0x0000000800000000)
  region size 2048K, 3 young (6144K), 3 survivors (6144K)
 Metaspace       used 172482K, committed 175296K, reserved 1245184K
  class space    used 22151K, committed 23552K, reserved 1048576K
}
Event: 3635.744 GC heap before
{Heap before GC invocations=99 (full 0):
 garbage-first heap   total 774144K, used 305842K [0x0000000700000000, 0x0000000800000000)
  region size 2048K, 18 young (36864K), 3 survivors (6144K)
 Metaspace       used 172562K, committed 175424K, reserved 1245184K
  class space    used 22161K, committed 23552K, reserved 1048576K
}
Event: 3637.371 GC heap after
{Heap after GC invocations=100 (full 0):
 garbage-first heap   total 774144K, used 275292K [0x0000000700000000, 0x0000000800000000)
  region size 2048K, 2 young (4096K), 2 survivors (4096K)
 Metaspace       used 172562K, committed 175424K, reserved 1245184K
  class space    used 22161K, committed 23552K, reserved 1048576K
}
Event: 3702.885 GC heap before
{Heap before GC invocations=100 (full 0):
 garbage-first heap   total 774144K, used 308060K [0x0000000700000000, 0x0000000800000000)
  region size 2048K, 18 young (36864K), 2 survivors (4096K)
 Metaspace       used 172869K, committed 175744K, reserved 1245184K
  class space    used 22189K, committed 23616K, reserved 1048576K
}
Event: 3703.281 GC heap after
{Heap after GC invocations=101 (full 0):
 garbage-first heap   total 774144K, used 277135K [0x0000000700000000, 0x0000000800000000)
  region size 2048K, 2 young (4096K), 2 survivors (4096K)
 Metaspace       used 172869K, committed 175744K, reserved 1245184K
  class space    used 22189K, committed 23616K, reserved 1048576K
}
Event: 3761.604 GC heap before
{Heap before GC invocations=101 (full 0):
 garbage-first heap   total 774144K, used 309903K [0x0000000700000000, 0x0000000800000000)
  region size 2048K, 18 young (36864K), 2 survivors (4096K)
 Metaspace       used 173140K, committed 176000K, reserved 1245184K
  class space    used 22218K, committed 23616K, reserved 1048576K
}
Event: 3762.444 GC heap after
{Heap after GC invocations=102 (full 0):
 garbage-first heap   total 774144K, used 278416K [0x0000000700000000, 0x0000000800000000)
  region size 2048K, 2 young (4096K), 2 survivors (4096K)
 Metaspace       used 173140K, committed 176000K, reserved 1245184K
  class space    used 22218K, committed 23616K, reserved 1048576K
}
Event: 3821.914 GC heap before
{Heap before GC invocations=102 (full 0):
 garbage-first heap   total 774144K, used 311184K [0x0000000700000000, 0x0000000800000000)
  region size 2048K, 18 young (36864K), 2 survivors (4096K)
 Metaspace       used 173243K, committed 176064K, reserved 1245184K
  class space    used 22226K, committed 23616K, reserved 1048576K
}
Event: 3822.645 GC heap after
{Heap after GC invocations=103 (full 0):
 garbage-first heap   total 774144K, used 280086K [0x0000000700000000, 0x0000000800000000)
  region size 2048K, 3 young (6144K), 3 survivors (6144K)
 Metaspace       used 173243K, committed 176064K, reserved 1245184K
  class space    used 22226K, committed 23616K, reserved 1048576K
}
Event: 3856.016 GC heap before
{Heap before GC invocations=103 (full 0):
 garbage-first heap   total 774144K, used 310806K [0x0000000700000000, 0x0000000800000000)
  region size 2048K, 18 young (36864K), 3 survivors (6144K)
 Metaspace       used 173322K, committed 176128K, reserved 1245184K
  class space    used 22236K, committed 23616K, reserved 1048576K
}
Event: 3856.594 GC heap after
{Heap after GC invocations=104 (full 0):
 garbage-first heap   total 774144K, used 280764K [0x0000000700000000, 0x0000000800000000)
  region size 2048K, 2 young (4096K), 2 survivors (4096K)
 Metaspace       used 173322K, committed 176128K, reserved 1245184K
  class space    used 22236K, committed 23616K, reserved 1048576K
}
Event: 3952.339 GC heap before
{Heap before GC invocations=104 (full 0):
 garbage-first heap   total 774144K, used 313532K [0x0000000700000000, 0x0000000800000000)
  region size 2048K, 18 young (36864K), 2 survivors (4096K)
 Metaspace       used 173601K, committed 176512K, reserved 1245184K
  class space    used 22273K, committed 23680K, reserved 1048576K
}
Event: 3954.366 GC heap after
{Heap after GC invocations=105 (full 0):
 garbage-first heap   total 774144K, used 282989K [0x0000000700000000, 0x0000000800000000)
  region size 2048K, 3 young (6144K), 3 survivors (6144K)
 Metaspace       used 173601K, committed 176512K, reserved 1245184K
  class space    used 22273K, committed 23680K, reserved 1048576K
}
Event: 3985.082 GC heap before
{Heap before GC invocations=105 (full 0):
 garbage-first heap   total 774144K, used 313709K [0x0000000700000000, 0x0000000800000000)
  region size 2048K, 18 young (36864K), 3 survivors (6144K)
 Metaspace       used 173684K, committed 176512K, reserved 1245184K
  class space    used 22284K, committed 23680K, reserved 1048576K
}
Event: 3985.625 GC heap after
{Heap after GC invocations=106 (full 0):
 garbage-first heap   total 774144K, used 284318K [0x0000000700000000, 0x0000000800000000)
  region size 2048K, 3 young (6144K), 3 survivors (6144K)
 Metaspace       used 173684K, committed 176512K, reserved 1245184K
  class space    used 22284K, committed 23680K, reserved 1048576K
}
Event: 4014.224 GC heap before
{Heap before GC invocations=106 (full 0):
 garbage-first heap   total 774144K, used 312990K [0x0000000700000000, 0x0000000800000000)
  region size 2048K, 18 young (36864K), 3 survivors (6144K)
 Metaspace       used 173694K, committed 176576K, reserved 1245184K
  class space    used 22284K, committed 23680K, reserved 1048576K
}
Event: 4016.317 GC heap after
{Heap after GC invocations=107 (full 0):
 garbage-first heap   total 774144K, used 291365K [0x0000000700000000, 0x0000000800000000)
  region size 2048K, 3 young (6144K), 3 survivors (6144K)
 Metaspace       used 173694K, committed 176576K, reserved 1245184K
  class space    used 22284K, committed 23680K, reserved 1048576K
}
Event: 4025.588 GC heap before
{Heap before GC invocations=107 (full 0):
 garbage-first heap   total 774144K, used 307749K [0x0000000700000000, 0x0000000800000000)
  region size 2048K, 12 young (24576K), 3 survivors (6144K)
 Metaspace       used 173719K, committed 176576K, reserved 1245184K
  class space    used 22284K, committed 23680K, reserved 1048576K
}
Event: 4025.897 GC heap after
{Heap after GC invocations=108 (full 0):
 garbage-first heap   total 774144K, used 292377K [0x0000000700000000, 0x0000000800000000)
  region size 2048K, 1 young (2048K), 1 survivors (2048K)
 Metaspace       used 173719K, committed 176576K, reserved 1245184K
  class space    used 22284K, committed 23680K, reserved 1048576K
}
Event: 4076.790 GC heap before
{Heap before GC invocations=108 (full 0):
 garbage-first heap   total 774144K, used 327193K [0x0000000700000000, 0x0000000800000000)
  region size 2048K, 18 young (36864K), 1 survivors (2048K)
 Metaspace       used 170815K, committed 176832K, reserved 1245184K
  class space    used 21600K, committed 23744K, reserved 1048576K
}

Dll operation events (15 events):
Event: 0.037 Loaded shared library C:\Program Files\Eclipse Adoptium\jdk-21.0.3.9-hotspot\bin\java.dll
Event: 0.267 Loaded shared library C:\Program Files\Eclipse Adoptium\jdk-21.0.3.9-hotspot\bin\jsvml.dll
Event: 0.724 Loaded shared library C:\Program Files\Eclipse Adoptium\jdk-21.0.3.9-hotspot\bin\zip.dll
Event: 0.752 Loaded shared library C:\Program Files\Eclipse Adoptium\jdk-21.0.3.9-hotspot\bin\instrument.dll
Event: 0.801 Loaded shared library C:\Program Files\Eclipse Adoptium\jdk-21.0.3.9-hotspot\bin\net.dll
Event: 0.805 Loaded shared library C:\Program Files\Eclipse Adoptium\jdk-21.0.3.9-hotspot\bin\nio.dll
Event: 0.820 Loaded shared library C:\Program Files\Eclipse Adoptium\jdk-21.0.3.9-hotspot\bin\zip.dll
Event: 2.385 Loaded shared library C:\Program Files\Eclipse Adoptium\jdk-21.0.3.9-hotspot\bin\jimage.dll
Event: 2.755 Loaded shared library C:\Program Files\Eclipse Adoptium\jdk-21.0.3.9-hotspot\bin\verify.dll
Event: 4.100 Loaded shared library C:\Users\DELL\.gradle\native\68d5fa5c4cc2d200863cafc0d521ce42e7d3e7ee720ec0a83991735586a16f82\windows-amd64\native-platform.dll
Event: 4.186 Loaded shared library C:\Users\DELL\.gradle\native\e376f236ea51e6404a007f0833ffe2c6e607c4080706a723a18a27aeea778392\windows-amd64\native-platform-file-events.dll
Event: 10.148 Loaded shared library C:\Program Files\Eclipse Adoptium\jdk-21.0.3.9-hotspot\bin\management.dll
Event: 10.170 Loaded shared library C:\Program Files\Eclipse Adoptium\jdk-21.0.3.9-hotspot\bin\management_ext.dll
Event: 11.658 Loaded shared library C:\Program Files\Eclipse Adoptium\jdk-21.0.3.9-hotspot\bin\extnet.dll
Event: 13.604 Loaded shared library C:\Program Files\Eclipse Adoptium\jdk-21.0.3.9-hotspot\bin\sunmscapi.dll

Deoptimization events (20 events):
Event: 3957.360 Thread 0x00000299ef2529d0 DEOPT PACKING pc=0x000002999b386500 sp=0x000000c6c8df7aa0
Event: 3957.378 Thread 0x00000299ef2529d0 DEOPT UNPACKING pc=0x0000029999f646a2 sp=0x000000c6c8df7a48 mode 2
Event: 3957.387 Thread 0x00000299ef2529d0 Uncommon trap: trap_request=0xffffffde fr.pc=0x000002999b3a4998 relative=0x00000000000025b8
Event: 3957.391 Thread 0x00000299ef2529d0 Uncommon trap: reason=class_check action=maybe_recompile pc=0x000002999b3a4998 method=groovyjarjarantlr4.v4.runtime.atn.ParserATNSimulator.isConflicted(Lgroovyjarjarantlr4/v4/runtime/atn/ATNConfigSet;Lgroovyjarjarantlr4/v4/runtime/atn/PredictionContextCac
Event: 3957.394 Thread 0x00000299ef2529d0 DEOPT PACKING pc=0x000002999b3a4998 sp=0x000000c6c8df7c00
Event: 3957.395 Thread 0x00000299ef2529d0 DEOPT UNPACKING pc=0x0000029999f646a2 sp=0x000000c6c8df7b80 mode 2
Event: 4018.379 Thread 0x00000299ef2529d0 Uncommon trap: trap_request=0xffffffde fr.pc=0x000002999b3a4998 relative=0x00000000000025b8
Event: 4018.431 Thread 0x00000299ef2529d0 Uncommon trap: reason=class_check action=maybe_recompile pc=0x000002999b3a4998 method=groovyjarjarantlr4.v4.runtime.atn.ParserATNSimulator.isConflicted(Lgroovyjarjarantlr4/v4/runtime/atn/ATNConfigSet;Lgroovyjarjarantlr4/v4/runtime/atn/PredictionContextCac
Event: 4018.433 Thread 0x00000299ef2529d0 DEOPT PACKING pc=0x000002999b3a4998 sp=0x000000c6c8df7c00
Event: 4018.458 Thread 0x00000299ef2529d0 DEOPT UNPACKING pc=0x0000029999f646a2 sp=0x000000c6c8df7b80 mode 2
Event: 4040.829 Thread 0x00000299ef2529d0 Uncommon trap: trap_request=0xffffffbe fr.pc=0x000002999b3ed3f0 relative=0x0000000000000eb0
Event: 4040.833 Thread 0x00000299ef2529d0 Uncommon trap: reason=profile_predicate action=maybe_recompile pc=0x000002999b3ed3f0 method=java.util.TimSort.gallopRight(Ljava/lang/Object;[Ljava/lang/Object;IIILjava/util/Comparator;)I @ 263 c2
Event: 4040.837 Thread 0x00000299ef2529d0 DEOPT PACKING pc=0x000002999b3ed3f0 sp=0x000000c6c8df6fb0
Event: 4040.841 Thread 0x00000299ef2529d0 DEOPT UNPACKING pc=0x0000029999f646a2 sp=0x000000c6c8df6f38 mode 2
Event: 4040.943 Thread 0x00000299ef2529d0 DEOPT PACKING pc=0x000002999439621c sp=0x000000c6c8df71a0
Event: 4040.944 Thread 0x00000299ef2529d0 DEOPT UNPACKING pc=0x0000029999f64e42 sp=0x000000c6c8df6610 mode 0
Event: 4075.189 Thread 0x00000299ef2529d0 Uncommon trap: trap_request=0xffffffde fr.pc=0x000002999b3a4998 relative=0x00000000000025b8
Event: 4075.189 Thread 0x00000299ef2529d0 Uncommon trap: reason=class_check action=maybe_recompile pc=0x000002999b3a4998 method=groovyjarjarantlr4.v4.runtime.atn.ParserATNSimulator.isConflicted(Lgroovyjarjarantlr4/v4/runtime/atn/ATNConfigSet;Lgroovyjarjarantlr4/v4/runtime/atn/PredictionContextCac
Event: 4075.190 Thread 0x00000299ef2529d0 DEOPT PACKING pc=0x000002999b3a4998 sp=0x000000c6c8df7d80
Event: 4075.191 Thread 0x00000299ef2529d0 DEOPT UNPACKING pc=0x0000029999f646a2 sp=0x000000c6c8df7d00 mode 2

Classes loaded (20 events):
Event: 3543.539 Loading class java/util/regex/Pattern$MULTILINE
Event: 3543.544 Loading class java/util/regex/Pattern$MULTILINE done
Event: 3547.327 Loading class java/util/regex/PatternBeanInfo
Event: 3547.376 Loading class java/util/regex/PatternBeanInfo done
Event: 3547.384 Loading class java/util/regex/PatternBeanInfo
Event: 3547.384 Loading class java/util/regex/PatternBeanInfo done
Event: 3547.400 Loading class java/util/regex/PatternCustomizer
Event: 3547.444 Loading class java/util/regex/PatternCustomizer done
Event: 3547.454 Loading class java/util/regex/PatternCustomizer
Event: 3547.454 Loading class java/util/regex/PatternCustomizer done
Event: 3549.504 Loading class java/util/regex/MatcherBeanInfo
Event: 3549.547 Loading class java/util/regex/MatcherBeanInfo done
Event: 3549.558 Loading class java/util/regex/MatcherBeanInfo
Event: 3549.558 Loading class java/util/regex/MatcherBeanInfo done
Event: 3549.564 Loading class java/util/regex/MatcherCustomizer
Event: 3549.676 Loading class java/util/regex/MatcherCustomizer done
Event: 3549.754 Loading class java/util/regex/MatcherCustomizer
Event: 3549.754 Loading class java/util/regex/MatcherCustomizer done
Event: 3736.944 Loading class java/util/regex/Pattern$Pos
Event: 3737.635 Loading class java/util/regex/Pattern$Pos done

Classes unloaded (20 events):
Event: 4044.206 Thread 0x00000299a8e3cb30 Unloading class 0x00000299aa0e6400 'java/lang/invoke/LambdaForm$MH+0x00000299aa0e6400'
Event: 4044.207 Thread 0x00000299a8e3cb30 Unloading class 0x00000299aa0e5400 'java/lang/invoke/LambdaForm$MH+0x00000299aa0e5400'
Event: 4044.207 Thread 0x00000299a8e3cb30 Unloading class 0x00000299aa0d9000 'java/lang/invoke/LambdaForm$MH+0x00000299aa0d9000'
Event: 4044.207 Thread 0x00000299a8e3cb30 Unloading class 0x00000299aa0d8800 'java/lang/invoke/LambdaForm$MH+0x00000299aa0d8800'
Event: 4044.207 Thread 0x00000299a8e3cb30 Unloading class 0x00000299aa0d8400 'java/lang/invoke/LambdaForm$MH+0x00000299aa0d8400'
Event: 4044.208 Thread 0x00000299a8e3cb30 Unloading class 0x00000299aa0d5800 'java/lang/invoke/LambdaForm$MH+0x00000299aa0d5800'
Event: 4044.208 Thread 0x00000299a8e3cb30 Unloading class 0x00000299aa0d5400 'java/lang/invoke/LambdaForm$MH+0x00000299aa0d5400'
Event: 4044.208 Thread 0x00000299a8e3cb30 Unloading class 0x00000299aa0d3400 'java/lang/invoke/LambdaForm$MH+0x00000299aa0d3400'
Event: 4044.209 Thread 0x00000299a8e3cb30 Unloading class 0x00000299aa0d0c00 'java/lang/invoke/LambdaForm$MH+0x00000299aa0d0c00'
Event: 4044.209 Thread 0x00000299a8e3cb30 Unloading class 0x00000299aa0d0800 'java/lang/invoke/LambdaForm$MH+0x00000299aa0d0800'
Event: 4044.210 Thread 0x00000299a8e3cb30 Unloading class 0x00000299aa0c1c00 'java/lang/invoke/LambdaForm$MH+0x00000299aa0c1c00'
Event: 4044.211 Thread 0x00000299a8e3cb30 Unloading class 0x00000299aa0c1800 'java/lang/invoke/LambdaForm$BMH+0x00000299aa0c1800'
Event: 4044.211 Thread 0x00000299a8e3cb30 Unloading class 0x00000299aa0a5000 'java/lang/invoke/LambdaForm$MH+0x00000299aa0a5000'
Event: 4044.211 Thread 0x00000299a8e3cb30 Unloading class 0x00000299aa0a4c00 'java/lang/invoke/LambdaForm$MH+0x00000299aa0a4c00'
Event: 4044.212 Thread 0x00000299a8e3cb30 Unloading class 0x00000299aa02a400 'java/lang/invoke/LambdaForm$MH+0x00000299aa02a400'
Event: 4044.212 Thread 0x00000299a8e3cb30 Unloading class 0x00000299aa02a000 'java/lang/invoke/LambdaForm$MH+0x00000299aa02a000'
Event: 4044.213 Thread 0x00000299a8e3cb30 Unloading class 0x00000299aa028400 'java/lang/invoke/LambdaForm$MH+0x00000299aa028400'
Event: 4044.214 Thread 0x00000299a8e3cb30 Unloading class 0x00000299aa002000 'java/lang/invoke/LambdaForm$MH+0x00000299aa002000'
Event: 4044.214 Thread 0x00000299a8e3cb30 Unloading class 0x00000299aa001c00 'java/lang/invoke/LambdaForm$MH+0x00000299aa001c00'
Event: 4044.214 Thread 0x00000299a8e3cb30 Unloading class 0x00000299aa001400 'java/lang/invoke/LambdaForm$MH+0x00000299aa001400'

Classes redefined (0 events):
No events

Internal exceptions (20 events):
Event: 3847.188 Thread 0x00000299ef2529d0 Exception <a 'sun/nio/fs/WindowsException'{0x000000072edf1738}> (0x000000072edf1738) 
thrown [s\src\hotspot\share\prims\jni.cpp, line 520]
Event: 3878.000 Thread 0x00000299ef2529d0 Exception <a 'java/lang/ClassNotFoundException'{0x000000072e752778}: build_1r0xpzj9oyc2lx0t9c0sr4w5nBeanInfo> (0x000000072e752778) 
thrown [s\src\hotspot\share\classfile\systemDictionary.cpp, line 312]
Event: 3878.015 Thread 0x00000299ef2529d0 Exception <a 'java/lang/ClassNotFoundException'{0x000000072e758cf0}: build_1r0xpzj9oyc2lx0t9c0sr4w5nCustomizer> (0x000000072e758cf0) 
thrown [s\src\hotspot\share\classfile\systemDictionary.cpp, line 312]
Event: 3902.386 Thread 0x00000299ef2529d0 Exception <a 'java/lang/ClassNotFoundException'{0x000000072e55e4e0}: build_1r0xpzj9oyc2lx0t9c0sr4w5n$_run_closure3BeanInfo> (0x000000072e55e4e0) 
thrown [s\src\hotspot\share\classfile\systemDictionary.cpp, line 312]
Event: 3902.443 Thread 0x00000299ef2529d0 Exception <a 'java/lang/ClassNotFoundException'{0x000000072e56a9f0}: build_1r0xpzj9oyc2lx0t9c0sr4w5n$_run_closure3Customizer> (0x000000072e56a9f0) 
thrown [s\src\hotspot\share\classfile\systemDictionary.cpp, line 312]
Event: 3914.751 Thread 0x00000299ef2529d0 Exception <a 'java/lang/ClassNotFoundException'{0x000000072e0261f8}: user_agent_f4962hqdqwj4yvb5tdd2fr8xxBeanInfo> (0x000000072e0261f8) 
thrown [s\src\hotspot\share\classfile\systemDictionary.cpp, line 312]
Event: 3914.802 Thread 0x00000299ef2529d0 Exception <a 'java/lang/ClassNotFoundException'{0x000000072e032268}: user_agent_f4962hqdqwj4yvb5tdd2fr8xxCustomizer> (0x000000072e032268) 
thrown [s\src\hotspot\share\classfile\systemDictionary.cpp, line 312]
Event: 3972.931 Thread 0x00000299ef2529d0 Exception <a 'java/lang/ClassNotFoundException'{0x000000072da7ceb0}: build_cotqzxnhw0vrf08fzyy0b0r00BeanInfo> (0x000000072da7ceb0) 
thrown [s\src\hotspot\share\classfile\systemDictionary.cpp, line 312]
Event: 3972.970 Thread 0x00000299ef2529d0 Exception <a 'java/lang/ClassNotFoundException'{0x000000072da83488}: build_cotqzxnhw0vrf08fzyy0b0r00Customizer> (0x000000072da83488) 
thrown [s\src\hotspot\share\classfile\systemDictionary.cpp, line 312]
Event: 3978.488 Thread 0x00000299ef2529d0 Exception <a 'sun/nio/fs/WindowsException'{0x000000072dae5608}> (0x000000072dae5608) 
thrown [s\src\hotspot\share\prims\jni.cpp, line 520]
Event: 4031.812 Thread 0x00000299ef2529d0 Exception <a 'java/lang/ClassNotFoundException'{0x000000072f02e3b0}: build_cotqzxnhw0vrf08fzyy0b0r00BeanInfo> (0x000000072f02e3b0) 
thrown [s\src\hotspot\share\classfile\systemDictionary.cpp, line 312]
Event: 4031.830 Thread 0x00000299ef2529d0 Exception <a 'java/lang/ClassNotFoundException'{0x000000072f034928}: build_cotqzxnhw0vrf08fzyy0b0r00Customizer> (0x000000072f034928) 
thrown [s\src\hotspot\share\classfile\systemDictionary.cpp, line 312]
Event: 4040.728 Thread 0x00000299ef2529d0 Exception <a 'java/lang/ClassNotFoundException'{0x000000072f1f4860}: com/android/build/gradle/internal/dsl/TestOptions_DecoratedBeanInfo> (0x000000072f1f4860) 
thrown [s\src\hotspot\share\classfile\systemDictionary.cpp, line 312]
Event: 4040.746 Thread 0x00000299ef2529d0 Exception <a 'java/lang/ClassNotFoundException'{0x000000072ee0ae30}: com/android/build/gradle/internal/dsl/TestOptionsBeanInfo> (0x000000072ee0ae30) 
thrown [s\src\hotspot\share\classfile\systemDictionary.cpp, line 312]
Event: 4040.767 Thread 0x00000299ef2529d0 Exception <a 'java/lang/ClassNotFoundException'{0x000000072ee1a7b8}: com/android/build/gradle/internal/dsl/TestOptionsCustomizer> (0x000000072ee1a7b8) 
thrown [s\src\hotspot\share\classfile\systemDictionary.cpp, line 312]
Event: 4040.805 Thread 0x00000299ef2529d0 Exception <a 'java/lang/ClassNotFoundException'{0x000000072ee49da8}: com/android/build/gradle/internal/dsl/TestOptions_DecoratedCustomizer> (0x000000072ee49da8) 
thrown [s\src\hotspot\share\classfile\systemDictionary.cpp, line 312]
Event: 4040.904 Thread 0x00000299ef2529d0 Exception <a 'java/lang/ClassNotFoundException'{0x000000072eeb97d0}: com/android/build/gradle/internal/dsl/TestOptions$UnitTestOptions_DecoratedBeanInfo> (0x000000072eeb97d0) 
thrown [s\src\hotspot\share\classfile\systemDictionary.cpp, line 312]
Event: 4040.931 Thread 0x00000299ef2529d0 Exception <a 'java/lang/ClassNotFoundException'{0x000000072eec9260}: com/android/build/gradle/internal/dsl/TestOptions$UnitTestOptionsBeanInfo> (0x000000072eec9260) 
thrown [s\src\hotspot\share\classfile\systemDictionary.cpp, line 312]
Event: 4040.942 Thread 0x00000299ef2529d0 Exception <a 'java/lang/ClassNotFoundException'{0x000000072eed8f88}: com/android/build/gradle/internal/dsl/TestOptions$UnitTestOptionsCustomizer> (0x000000072eed8f88) 
thrown [s\src\hotspot\share\classfile\systemDictionary.cpp, line 312]
Event: 4040.957 Thread 0x00000299ef2529d0 Exception <a 'java/lang/ClassNotFoundException'{0x000000072eef0048}: com/android/build/gradle/internal/dsl/TestOptions$UnitTestOptions_DecoratedCustomizer> (0x000000072eef0048) 
thrown [s\src\hotspot\share\classfile\systemDictionary.cpp, line 312]

ZGC Phase Switch (0 events):
No events

VM Operations (20 events):
Event: 4038.300 Executing VM operation: Cleanup done
Event: 4040.322 Executing VM operation: Cleanup
Event: 4040.324 Executing VM operation: Cleanup done
Event: 4041.329 Executing VM operation: Cleanup
Event: 4041.330 Executing VM operation: Cleanup done
Event: 4042.332 Executing VM operation: Cleanup
Event: 4042.334 Executing VM operation: Cleanup done
Event: 4043.344 Executing VM operation: Cleanup
Event: 4043.394 Executing VM operation: Cleanup done
Event: 4043.566 Executing VM operation: G1PauseRemark
Event: 4063.390 Executing VM operation: G1PauseRemark done
Event: 4067.416 Executing VM operation: Cleanup
Event: 4067.483 Executing VM operation: Cleanup done
Event: 4068.495 Executing VM operation: Cleanup
Event: 4068.896 Executing VM operation: Cleanup done
Event: 4070.903 Executing VM operation: Cleanup
Event: 4070.973 Executing VM operation: Cleanup done
Event: 4071.984 Executing VM operation: Cleanup
Event: 4072.016 Executing VM operation: Cleanup done
Event: 4076.658 Executing VM operation: G1CollectForAllocation (G1 Evacuation Pause)

Events (20 events):
Event: 4061.914 Thread 0x00000299a8e3cb30 flushing nmethod 0x000002999a4b9890
Event: 4061.914 Thread 0x00000299a8e3cb30 flushing nmethod 0x000002999a4b9210
Event: 4061.914 Thread 0x00000299a8e3cb30 flushing nmethod 0x000002999a4b8c10
Event: 4061.914 Thread 0x00000299a8e3cb30 flushing nmethod 0x000002999a4b8910
Event: 4061.914 Thread 0x00000299a8e3cb30 flushing nmethod 0x000002999a4c6a10
Event: 4061.914 Thread 0x00000299a8e3cb30 flushing nmethod 0x000002999a4b8610
Event: 4061.914 Thread 0x00000299a8e3cb30 flushing nmethod 0x000002999a4b8310
Event: 4061.914 Thread 0x00000299a8e3cb30 flushing nmethod 0x000002999a4b8010
Event: 4061.914 Thread 0x00000299a8e3cb30 flushing nmethod 0x000002999a4bac10
Event: 4061.915 Thread 0x00000299a8e3cb30 flushing nmethod 0x000002999a4ba890
Event: 4061.915 Thread 0x00000299a8e3cb30 flushing nmethod 0x000002999a4c5a10
Event: 4061.915 Thread 0x00000299a8e3cb30 flushing nmethod 0x000002999a4bf590
Event: 4061.915 Thread 0x00000299a8e3cb30 flushing nmethod 0x000002999a4c4e10
Event: 4061.915 Thread 0x00000299a8e3cb30 flushing nmethod 0x000002999a4be990
Event: 4061.915 Thread 0x00000299a8e3cb30 flushing nmethod 0x000002999a4c3810
Event: 4061.915 Thread 0x00000299a8e3cb30 flushing nmethod 0x000002999a4bdf10
Event: 4061.915 Thread 0x00000299a8e3cb30 flushing nmethod 0x000002999a4c2c10
Event: 4061.915 Thread 0x00000299a8e3cb30 flushing nmethod 0x000002999a4b7a10
Event: 4061.915 Thread 0x00000299a8e3cb30 flushing nmethod 0x000002999a4ba190
Event: 4061.915 Thread 0x00000299a8e3cb30 flushing nmethod 0x000002999a4b0310


Dynamic libraries:
0x00007ff7b3bd0000 - 0x00007ff7b3bde000 	C:\Program Files\Eclipse Adoptium\jdk-21.0.3.9-hotspot\bin\java.exe
0x00007ffe0ffd0000 - 0x00007ffe101c8000 	C:\Windows\SYSTEM32\ntdll.dll
0x00007ffe0eff0000 - 0x00007ffe0f0b2000 	C:\Windows\System32\KERNEL32.DLL
0x00007ffe0d6e0000 - 0x00007ffe0d9df000 	C:\Windows\System32\KERNELBASE.dll
0x00007ffe0dc90000 - 0x00007ffe0dd90000 	C:\Windows\System32\ucrtbase.dll
0x00007ffdffed0000 - 0x00007ffdffeeb000 	C:\Program Files\Eclipse Adoptium\jdk-21.0.3.9-hotspot\bin\VCRUNTIME140.dll
0x00007ffe09ad0000 - 0x00007ffe09ae8000 	C:\Program Files\Eclipse Adoptium\jdk-21.0.3.9-hotspot\bin\jli.dll
0x00007ffe0e0a0000 - 0x00007ffe0e23d000 	C:\Windows\System32\USER32.dll
0x00007ffe0d660000 - 0x00007ffe0d682000 	C:\Windows\System32\win32u.dll
0x00007ffdfd8a0000 - 0x00007ffdfdb3a000 	C:\Windows\WinSxS\amd64_microsoft.windows.common-controls_6595b64144ccf1df_6.0.19041.4355_none_60b8b9eb71f62e16\COMCTL32.dll
0x00007ffe0ef40000 - 0x00007ffe0ef6b000 	C:\Windows\System32\GDI32.dll
0x00007ffe0f670000 - 0x00007ffe0f70e000 	C:\Windows\System32\msvcrt.dll
0x00007ffe0dec0000 - 0x00007ffe0dfd7000 	C:\Windows\System32\gdi32full.dll
0x00007ffe0db40000 - 0x00007ffe0dbdd000 	C:\Windows\System32\msvcp_win.dll
0x00007ffe0e520000 - 0x00007ffe0e54f000 	C:\Windows\System32\IMM32.DLL
0x00007ffe093c0000 - 0x00007ffe093cc000 	C:\Program Files\Eclipse Adoptium\jdk-21.0.3.9-hotspot\bin\vcruntime140_1.dll
0x00007ffde2ff0000 - 0x00007ffde307e000 	C:\Program Files\Eclipse Adoptium\jdk-21.0.3.9-hotspot\bin\msvcp140.dll
0x00007ffdac540000 - 0x00007ffdad2c2000 	C:\Program Files\Eclipse Adoptium\jdk-21.0.3.9-hotspot\bin\server\jvm.dll
0x00007ffe0dfe0000 - 0x00007ffe0e091000 	C:\Windows\System32\ADVAPI32.dll
0x00007ffe0e480000 - 0x00007ffe0e51f000 	C:\Windows\System32\sechost.dll
0x00007ffe0f0c0000 - 0x00007ffe0f1e3000 	C:\Windows\System32\RPCRT4.dll
0x00007ffe0de00000 - 0x00007ffe0de27000 	C:\Windows\System32\bcrypt.dll
0x00007ffe0ef70000 - 0x00007ffe0efdb000 	C:\Windows\System32\WS2_32.dll
0x00007ffe0cbf0000 - 0x00007ffe0cc3b000 	C:\Windows\SYSTEM32\POWRPROF.dll
0x00007ffdfb080000 - 0x00007ffdfb0a7000 	C:\Windows\SYSTEM32\WINMM.dll
0x00007ffe01a70000 - 0x00007ffe01a7a000 	C:\Windows\SYSTEM32\VERSION.dll
0x00007ffe0ca60000 - 0x00007ffe0ca72000 	C:\Windows\SYSTEM32\UMPDC.dll
0x00007ffe0b4e0000 - 0x00007ffe0b4f2000 	C:\Windows\SYSTEM32\kernel.appcore.dll
0x00007ffe01c50000 - 0x00007ffe01c5a000 	C:\Program Files\Eclipse Adoptium\jdk-21.0.3.9-hotspot\bin\jimage.dll
0x00007ffdfaac0000 - 0x00007ffdfaca4000 	C:\Windows\SYSTEM32\DBGHELP.DLL
0x00007ffdfa9b0000 - 0x00007ffdfa9e4000 	C:\Windows\SYSTEM32\dbgcore.DLL
0x00007ffe0de30000 - 0x00007ffe0deb2000 	C:\Windows\System32\bcryptPrimitives.dll
0x00007ffde9700000 - 0x00007ffde970f000 	C:\Program Files\Eclipse Adoptium\jdk-21.0.3.9-hotspot\bin\instrument.dll
0x00007ffdf98f0000 - 0x00007ffdf990f000 	C:\Program Files\Eclipse Adoptium\jdk-21.0.3.9-hotspot\bin\java.dll
0x00007ffe0f820000 - 0x00007ffe0ff8e000 	C:\Windows\System32\SHELL32.dll
0x00007ffe0b6e0000 - 0x00007ffe0be84000 	C:\Windows\SYSTEM32\windows.storage.dll
0x00007ffe0e760000 - 0x00007ffe0eab5000 	C:\Windows\System32\combase.dll
0x00007ffe0d090000 - 0x00007ffe0d0bf000 	C:\Windows\SYSTEM32\Wldp.dll
0x00007ffe0f460000 - 0x00007ffe0f52d000 	C:\Windows\System32\OLEAUT32.dll
0x00007ffe0e240000 - 0x00007ffe0e2ed000 	C:\Windows\System32\SHCORE.dll
0x00007ffe0e550000 - 0x00007ffe0e5a5000 	C:\Windows\System32\shlwapi.dll
0x00007ffe0d590000 - 0x00007ffe0d5b4000 	C:\Windows\SYSTEM32\profapi.dll
0x00007ffde2660000 - 0x00007ffde2737000 	C:\Program Files\Eclipse Adoptium\jdk-21.0.3.9-hotspot\bin\jsvml.dll
0x00007ffde6b50000 - 0x00007ffde6b68000 	C:\Program Files\Eclipse Adoptium\jdk-21.0.3.9-hotspot\bin\zip.dll
0x00007ffdfacb0000 - 0x00007ffdfacc0000 	C:\Program Files\Eclipse Adoptium\jdk-21.0.3.9-hotspot\bin\net.dll
0x00007ffdff440000 - 0x00007ffdff54d000 	C:\Windows\SYSTEM32\WINHTTP.dll
0x00007ffe0cdf0000 - 0x00007ffe0ce5a000 	C:\Windows\system32\mswsock.dll
0x00007ffdf8960000 - 0x00007ffdf8976000 	C:\Program Files\Eclipse Adoptium\jdk-21.0.3.9-hotspot\bin\nio.dll
0x00007ffdea180000 - 0x00007ffdea190000 	C:\Program Files\Eclipse Adoptium\jdk-21.0.3.9-hotspot\bin\verify.dll
0x00007ffdfe850000 - 0x00007ffdfe877000 	C:\Users\DELL\.gradle\native\68d5fa5c4cc2d200863cafc0d521ce42e7d3e7ee720ec0a83991735586a16f82\windows-amd64\native-platform.dll
0x00007ffddd950000 - 0x00007ffddda94000 	C:\Users\DELL\.gradle\native\e376f236ea51e6404a007f0833ffe2c6e607c4080706a723a18a27aeea778392\windows-amd64\native-platform-file-events.dll
0x00007ffdea1b0000 - 0x00007ffdea1ba000 	C:\Program Files\Eclipse Adoptium\jdk-21.0.3.9-hotspot\bin\management.dll
0x00007ffdea1a0000 - 0x00007ffdea1ab000 	C:\Program Files\Eclipse Adoptium\jdk-21.0.3.9-hotspot\bin\management_ext.dll
0x00007ffe0f660000 - 0x00007ffe0f668000 	C:\Windows\System32\PSAPI.DLL
0x00007ffe0cff0000 - 0x00007ffe0d008000 	C:\Windows\SYSTEM32\CRYPTSP.dll
0x00007ffe0c6a0000 - 0x00007ffe0c6d4000 	C:\Windows\system32\rsaenh.dll
0x00007ffe0d510000 - 0x00007ffe0d53e000 	C:\Windows\SYSTEM32\USERENV.dll
0x00007ffe0cfe0000 - 0x00007ffe0cfec000 	C:\Windows\SYSTEM32\CRYPTBASE.dll
0x00007ffe0ca80000 - 0x00007ffe0cabb000 	C:\Windows\SYSTEM32\IPHLPAPI.DLL
0x00007ffe0f330000 - 0x00007ffe0f338000 	C:\Windows\System32\NSI.dll
0x00007ffdea190000 - 0x00007ffdea199000 	C:\Program Files\Eclipse Adoptium\jdk-21.0.3.9-hotspot\bin\extnet.dll
0x00007ffde91c0000 - 0x00007ffde91ce000 	C:\Program Files\Eclipse Adoptium\jdk-21.0.3.9-hotspot\bin\sunmscapi.dll
0x00007ffe0d9e0000 - 0x00007ffe0db3c000 	C:\Windows\System32\CRYPT32.dll
0x00007ffe0d100000 - 0x00007ffe0d127000 	C:\Windows\SYSTEM32\ncrypt.dll
0x00007ffe0d0c0000 - 0x00007ffe0d0fb000 	C:\Windows\SYSTEM32\NTASN1.dll
0x00007ffdff920000 - 0x00007ffdff927000 	C:\Windows\system32\wshunix.dll
0x00007ffe0c8f0000 - 0x00007ffe0c923000 	C:\Windows\SYSTEM32\ntmarta.dll
0x00007ffe0cad0000 - 0x00007ffe0cb9a000 	C:\Windows\SYSTEM32\DNSAPI.dll
0x00007ffe05e80000 - 0x00007ffe05e8a000 	C:\Windows\System32\rasadhlp.dll
0x00007ffdfb480000 - 0x00007ffdfb500000 	C:\Windows\System32\fwpuclnt.dll

dbghelp: loaded successfully - version: 4.0.5 - missing functions: none
symbol engine: initialized successfully - sym options: 0x614 - pdb path: .;C:\Program Files\Eclipse Adoptium\jdk-21.0.3.9-hotspot\bin;C:\Windows\SYSTEM32;C:\Windows\WinSxS\amd64_microsoft.windows.common-controls_6595b64144ccf1df_6.0.19041.4355_none_60b8b9eb71f62e16;C:\Program Files\Eclipse Adoptium\jdk-21.0.3.9-hotspot\bin\server;C:\Users\DELL\.gradle\native\68d5fa5c4cc2d200863cafc0d521ce42e7d3e7ee720ec0a83991735586a16f82\windows-amd64;C:\Users\DELL\.gradle\native\e376f236ea51e6404a007f0833ffe2c6e607c4080706a723a18a27aeea778392\windows-amd64

VM Arguments:
jvm_args: -XX:MaxMetaspaceSize=2G -XX:+HeapDumpOnOutOfMemoryError --add-opens=java.base/java.util=ALL-UNNAMED --add-opens=java.base/java.lang=ALL-UNNAMED --add-opens=java.base/java.lang.invoke=ALL-UNNAMED --add-opens=java.prefs/java.util.prefs=ALL-UNNAMED --add-opens=java.base/java.nio.charset=ALL-UNNAMED --add-opens=java.base/java.net=ALL-UNNAMED --add-opens=java.base/java.util.concurrent.atomic=ALL-UNNAMED -Xmx4G -Dfile.encoding=UTF-8 -Duser.country=US -Duser.language=en -Duser.variant -javaagent:C:\Users\DELL\.gradle\wrapper\dists\gradle-8.3-all\6en3ugtfdg5xnpx44z4qbwgas\gradle-8.3\lib\agents\gradle-instrumentation-agent-8.3.jar 
java_command: org.gradle.launcher.daemon.bootstrap.GradleDaemon 8.3
java_class_path (initial): C:\Users\DELL\.gradle\wrapper\dists\gradle-8.3-all\6en3ugtfdg5xnpx44z4qbwgas\gradle-8.3\lib\gradle-launcher-8.3.jar
Launcher Type: SUN_STANDARD

[Global flags]
     intx CICompilerCount                          = 3                                         {product} {ergonomic}
     uint ConcGCThreads                            = 1                                         {product} {ergonomic}
     uint G1ConcRefinementThreads                  = 4                                         {product} {ergonomic}
   size_t G1HeapRegionSize                         = 2097152                                   {product} {ergonomic}
    uintx GCDrainStackTargetSize                   = 64                                        {product} {ergonomic}
     bool HeapDumpOnOutOfMemoryError               = true                                   {manageable} {command line}
   size_t InitialHeapSize                          = 67108864                                  {product} {ergonomic}
   size_t MarkStackSize                            = 4194304                                   {product} {ergonomic}
   size_t MaxHeapSize                              = 4294967296                                {product} {command line}
   size_t MaxMetaspaceSize                         = 2147483648                                {product} {command line}
   size_t MaxNewSize                               = 2575302656                                {product} {ergonomic}
   size_t MinHeapDeltaBytes                        = 2097152                                   {product} {ergonomic}
   size_t MinHeapSize                              = 8388608                                   {product} {ergonomic}
    uintx NonNMethodCodeHeapSize                   = 5832780                                {pd product} {ergonomic}
    uintx NonProfiledCodeHeapSize                  = 122912730                              {pd product} {ergonomic}
    uintx ProfiledCodeHeapSize                     = 122912730                              {pd product} {ergonomic}
    uintx ReservedCodeCacheSize                    = 251658240                              {pd product} {ergonomic}
     bool SegmentedCodeCache                       = true                                      {product} {ergonomic}
   size_t SoftMaxHeapSize                          = 4294967296                             {manageable} {ergonomic}
     bool UseCompressedOops                        = true                           {product lp64_product} {ergonomic}
     bool UseG1GC                                  = true                                      {product} {ergonomic}
     bool UseLargePagesIndividualAllocation        = false                                  {pd product} {ergonomic}

Logging:
Log output configuration:
 #0: stdout all=warning uptime,level,tags foldmultilines=false
 #1: stderr all=off uptime,level,tags foldmultilines=false

Environment Variables:
CLASSPATH=C:\src\development\unistayapp\android\\gradle\wrapper\gradle-wrapper.jar
PATH=C:\Program Files\Eclipse Adoptium\jdk-21.0.3.9-hotspot\bin;C:\Program Files\Common Files\Oracle\Java\javapath;C:\Program Files (x86)\Common Files\Oracle\Java\java8path;C:\Program Files (x86)\Common Files\Oracle\Java\javapath;C:\Windows\system32;C:\Windows;C:\Windows\System32\Wbem;C:\Windows\System32\WindowsPowerShell\v1.0\;C:\Windows\System32\OpenSSH\;C:\Program Files\Git\cmd;C:\src\flutter\bin;C:\Program Files (x86)\Windows Kits\10\Windows Performance Toolkit\;C:\Program Files\php-8.3.7;C:\ProgramData\ComposerSetup\bin;C:\Program Files\jdk-22.0.1;C:\Program Files\MongoDB\Server\7.0\bin;C:\mongosh-2.2.15\bin;C:\Users\DELL\AppData\Local\Programs\Python\Python312\Scripts\;C:\Users\DELL\AppData\Local\Programs\Python\Python312\;C:\src\flutter\bin;C:\Users\DELL\AppData\Local\Programs\Microsoft VS Code\bin;C:\Users\DELL\AppData\Roaming\Composer\vendor\bin;C:\Program Files\JetBrains\IntelliJ IDEA Community Edition 2024.1.3\bin;;C:\Program Files\JetBrains\PyCharm Community Edition 2024.1.4\bin;
USERNAME=DELL
OS=Windows_NT
PROCESSOR_IDENTIFIER=Intel64 Family 6 Model 69 Stepping 1, GenuineIntel
TMP=C:\Users\DELL\AppData\Local\Temp
TEMP=C:\Users\DELL\AppData\Local\Temp




Periodic native trim disabled

---------------  S Y S T E M  ---------------

OS:
 Windows 10 , 64 bit Build 19041 (10.0.19041.5198)
OS uptime: 1 days 7:37 hours

CPU: total 4 (initial active 4) (2 cores per cpu, 2 threads per core) family 6 model 69 stepping 1 microcode 0x26, cx8, cmov, fxsr, ht, mmx, sse, sse2, sse3, ssse3, sse4.1, sse4.2, popcnt, lzcnt, tsc, tscinvbit, avx, avx2, aes, erms, clmul, bmi1, bmi2, fma, vzeroupper, clflush, rdtscp, f16c
Processor Information for all 4 processors :
  Max Mhz: 1700, Current Mhz: 1700, Mhz Limit: 1700

Memory: 4k page, system-wide physical 4000M (50M free)
TotalPageFile size 16288M (AvailPageFile size 137M)
current process WorkingSet (physical memory assigned to process): 213M, peak: 335M
current process commit charge ("private bytes"): 1247M, peak: 2019M

vm_info: OpenJDK 64-Bit Server VM (21.0.3+9-LTS) for windows-amd64 JRE (21.0.3+9-LTS), built on 2024-04-16T00:00:00Z by "admin" with MS VC++ 17.7 (VS2022)

END.
